idx_code,idx_q,idx_m,idx_d,q_band,m_band,d_band,q_tag,m_tag,d_tag,label,short_desc,coach_tip
"[1,1,1]",1,1,1,low,low,low,Q-low,M-low,D-low,L-L-L | Q1-M1-D1,"Foundational craft, Insular market fit, Low creative tension.",invest in code review & templates; do 3 quick customer interviews; add healthy debate in planning.
"[1,1,2]",1,1,2,low,low,low,Q-low,M-low,D-low,L-L-L | Q1-M1-D2,"Foundational craft, Insular market fit, Low creative tension.",invest in code review & templates; do 3 quick customer interviews; add healthy debate in planning.
"[1,1,3]",1,1,3,low,low,mid-low,Q-low,M-low,D↗,L-L-ML | Q1-M1-D3,"Foundational craft, Insular market fit, Focused tension.",invest in code review & templates; do 3 quick customer interviews.
"[1,1,4]",1,1,4,low,low,balanced,Q-low,M-low,D= ,L-L-C | Q1-M1-D4,"Foundational craft, Insular market fit, Balanced tension.",invest in code review & templates; do 3 quick customer interviews.
"[1,1,5]",1,1,5,low,low,mid-high,Q-low,M-low,D↘,L-L-MH | Q1-M1-D5,"Foundational craft, Insular market fit, High strategic tension.",invest in code review & templates; do 3 quick customer interviews; resolve two biggest contradictions.
"[1,1,6]",1,1,6,low,low,high,Q-low,M-low,D⇈,L-L-H | Q1-M1-D6,"Foundational craft, Insular market fit, High strategic tension.",invest in code review & templates; do 3 quick customer interviews; resolve two biggest contradictions.
"[1,1,7]",1,1,7,low,low,high,Q-low,M-low,D⇈,L-L-H | Q1-M1-D7,"Foundational craft, Insular market fit, High strategic tension.",invest in code review & templates; do 3 quick customer interviews; resolve two biggest contradictions.
"[1,1,8]",1,1,8,low,low,high,Q-low,M-low,D⇈,L-L-H | Q1-M1-D8,"Foundational craft, Insular market fit, High strategic tension.",invest in code review & templates; do 3 quick customer interviews; resolve two biggest contradictions.
"[1,2,1]",1,2,1,low,low,low,Q-low,M-low,D-low,L-L-L | Q1-M2-D1,"Foundational craft, Insular market fit, Low creative tension.",invest in code review & templates; do 3 quick customer interviews; add healthy debate in planning.
"[1,2,2]",1,2,2,low,low,low,Q-low,M-low,D-low,L-L-L | Q1-M2-D2,"Foundational craft, Insular market fit, Low creative tension.",invest in code review & templates; do 3 quick customer interviews; add healthy debate in planning.
"[1,2,3]",1,2,3,low,low,mid-low,Q-low,M-low,D↗,L-L-ML | Q1-M2-D3,"Foundational craft, Insular market fit, Focused tension.",invest in code review & templates; do 3 quick customer interviews.
"[1,2,4]",1,2,4,low,low,balanced,Q-low,M-low,D= ,L-L-C | Q1-M2-D4,"Foundational craft, Insular market fit, Balanced tension.",invest in code review & templates; do 3 quick customer interviews.
"[1,2,5]",1,2,5,low,low,mid-high,Q-low,M-low,D↘,L-L-MH | Q1-M2-D5,"Foundational craft, Insular market fit, High strategic tension.",invest in code review & templates; do 3 quick customer interviews; resolve two biggest contradictions.
"[1,2,6]",1,2,6,low,low,high,Q-low,M-low,D⇈,L-L-H | Q1-M2-D6,"Foundational craft, Insular market fit, High strategic tension.",invest in code review & templates; do 3 quick customer interviews; resolve two biggest contradictions.
"[1,2,7]",1,2,7,low,low,high,Q-low,M-low,D⇈,L-L-H | Q1-M2-D7,"Foundational craft, Insular market fit, High strategic tension.",invest in code review & templates; do 3 quick customer interviews; resolve two biggest contradictions.
"[1,2,8]",1,2,8,low,low,high,Q-low,M-low,D⇈,L-L-H | Q1-M2-D8,"Foundational craft, Insular market fit, High strategic tension.",invest in code review & templates; do 3 quick customer interviews; resolve two biggest contradictions.
"[1,3,1]",1,3,1,low,mid-low,low,Q-low,M↗,D-low,L-ML-L | Q1-M3-D1,"Foundational craft, Emerging market pull, Low creative tension.",invest in code review & templates; add healthy debate in planning.
"[1,3,2]",1,3,2,low,mid-low,low,Q-low,M↗,D-low,L-ML-L | Q1-M3-D2,"Foundational craft, Emerging market pull, Low creative tension.",invest in code review & templates; add healthy debate in planning.
"[1,3,3]",1,3,3,low,mid-low,mid-low,Q-low,M↗,D↗,L-ML-ML | Q1-M3-D3,"Foundational craft, Emerging market pull, Focused tension.",invest in code review & templates.
"[1,3,4]",1,3,4,low,mid-low,balanced,Q-low,M↗,D= ,L-ML-C | Q1-M3-D4,"Foundational craft, Emerging market pull, Balanced tension.",invest in code review & templates.
"[1,3,5]",1,3,5,low,mid-low,mid-high,Q-low,M↗,D↘,L-ML-MH | Q1-M3-D5,"Foundational craft, Emerging market pull, High strategic tension.",invest in code review & templates; resolve two biggest contradictions.
"[1,3,6]",1,3,6,low,mid-low,high,Q-low,M↗,D⇈,L-ML-H | Q1-M3-D6,"Foundational craft, Emerging market pull, High strategic tension.",invest in code review & templates; resolve two biggest contradictions.
"[1,3,7]",1,3,7,low,mid-low,high,Q-low,M↗,D⇈,L-ML-H | Q1-M3-D7,"Foundational craft, Emerging market pull, High strategic tension.",invest in code review & templates; resolve two biggest contradictions.
"[1,3,8]",1,3,8,low,mid-low,high,Q-low,M↗,D⇈,L-ML-H | Q1-M3-D8,"Foundational craft, Emerging market pull, High strategic tension.",invest in code review & templates; resolve two biggest contradictions.
"[1,4,1]",1,4,1,low,balanced,low,Q-low,M= ,D-low,L-C-L | Q1-M4-D1,"Foundational craft, Solid market fit, Low creative tension.",invest in code review & templates; add healthy debate in planning.
"[1,4,2]",1,4,2,low,balanced,low,Q-low,M= ,D-low,L-C-L | Q1-M4-D2,"Foundational craft, Solid market fit, Low creative tension.",invest in code review & templates; add healthy debate in planning.
"[1,4,3]",1,4,3,low,balanced,mid-low,Q-low,M= ,D↗,L-C-ML | Q1-M4-D3,"Foundational craft, Solid market fit, Focused tension.",invest in code review & templates.
"[1,4,4]",1,4,4,low,balanced,balanced,Q-low,M= ,D= ,L-C-C | Q1-M4-D4,"Foundational craft, Solid market fit, Balanced tension.",invest in code review & templates.
"[1,4,5]",1,4,5,low,balanced,mid-high,Q-low,M= ,D↘,L-C-MH | Q1-M4-D5,"Foundational craft, Solid market fit, High strategic tension.",invest in code review & templates; resolve two biggest contradictions.
"[1,4,6]",1,4,6,low,balanced,high,Q-low,M= ,D⇈,L-C-H | Q1-M4-D6,"Foundational craft, Solid market fit, High strategic tension.",invest in code review & templates; resolve two biggest contradictions.
"[1,4,7]",1,4,7,low,balanced,high,Q-low,M= ,D⇈,L-C-H | Q1-M4-D7,"Foundational craft, Solid market fit, High strategic tension.",invest in code review & templates; resolve two biggest contradictions.
"[1,4,8]",1,4,8,low,balanced,high,Q-low,M= ,D⇈,L-C-H | Q1-M4-D8,"Foundational craft, Solid market fit, High strategic tension.",invest in code review & templates; resolve two biggest contradictions.
"[1,5,1]",1,5,1,low,mid-high,low,Q-low,M↘,D-low,L-MH-L | Q1-M5-D1,"Foundational craft, Strong market pull, Low creative tension.",invest in code review & templates; add healthy debate in planning.
"[1,5,2]",1,5,2,low,mid-high,low,Q-low,M↘,D-low,L-MH-L | Q1-M5-D2,"Foundational craft, Strong market pull, Low creative tension.",invest in code review & templates; add healthy debate in planning.
"[1,5,3]",1,5,3,low,mid-high,mid-low,Q-low,M↘,D↗,L-MH-ML | Q1-M5-D3,"Foundational craft, Strong market pull, Focused tension.",invest in code review & templates.
"[1,5,4]",1,5,4,low,mid-high,balanced,Q-low,M↘,D= ,L-MH-C | Q1-M5-D4,"Foundational craft, Strong market pull, Balanced tension.",invest in code review & templates.
"[1,5,5]",1,5,5,low,mid-high,mid-high,Q-low,M↘,D↘,L-MH-MH | Q1-M5-D5,"Foundational craft, Strong market pull, High strategic tension.",invest in code review & templates; resolve two biggest contradictions.
"[1,5,6]",1,5,6,low,mid-high,high,Q-low,M↘,D⇈,L-MH-H | Q1-M5-D6,"Foundational craft, Strong market pull, High strategic tension.",invest in code review & templates; resolve two biggest contradictions.
"[1,5,7]",1,5,7,low,mid-high,high,Q-low,M↘,D⇈,L-MH-H | Q1-M5-D7,"Foundational craft, Strong market pull, High strategic tension.",invest in code review & templates; resolve two biggest contradictions.
"[1,5,8]",1,5,8,low,mid-high,high,Q-low,M↘,D⇈,L-MH-H | Q1-M5-D8,"Foundational craft, Strong market pull, High strategic tension.",invest in code review & templates; resolve two biggest contradictions.
"[1,6,1]",1,6,1,low,high,low,Q-low,M⇈,D-low,L-H-L | Q1-M6-D1,"Foundational craft, Strong market pull, Low creative tension.",invest in code review & templates; add healthy debate in planning.
"[1,6,2]",1,6,2,low,high,low,Q-low,M⇈,D-low,L-H-L | Q1-M6-D2,"Foundational craft, Strong market pull, Low creative tension.",invest in code review & templates; add healthy debate in planning.
"[1,6,3]",1,6,3,low,high,mid-low,Q-low,M⇈,D↗,L-H-ML | Q1-M6-D3,"Foundational craft, Strong market pull, Focused tension.",invest in code review & templates.
"[1,6,4]",1,6,4,low,high,balanced,Q-low,M⇈,D= ,L-H-C | Q1-M6-D4,"Foundational craft, Strong market pull, Balanced tension.",invest in code review & templates.
"[1,6,5]",1,6,5,low,high,mid-high,Q-low,M⇈,D↘,L-H-MH | Q1-M6-D5,"Foundational craft, Strong market pull, High strategic tension.",invest in code review & templates; resolve two biggest contradictions.
"[1,6,6]",1,6,6,low,high,high,Q-low,M⇈,D⇈,L-H-H | Q1-M6-D6,"Foundational craft, Strong market pull, High strategic tension.",invest in code review & templates; resolve two biggest contradictions.
"[1,6,7]",1,6,7,low,high,high,Q-low,M⇈,D⇈,L-H-H | Q1-M6-D7,"Foundational craft, Strong market pull, High strategic tension.",invest in code review & templates; resolve two biggest contradictions.
"[1,6,8]",1,6,8,low,high,high,Q-low,M⇈,D⇈,L-H-H | Q1-M6-D8,"Foundational craft, Strong market pull, High strategic tension.",invest in code review & templates; resolve two biggest contradictions.
"[1,7,1]",1,7,1,low,high,low,Q-low,M⇈,D-low,L-H-L | Q1-M7-D1,"Foundational craft, Strong market pull, Low creative tension.",invest in code review & templates; add healthy debate in planning.
"[1,7,2]",1,7,2,low,high,low,Q-low,M⇈,D-low,L-H-L | Q1-M7-D2,"Foundational craft, Strong market pull, Low creative tension.",invest in code review & templates; add healthy debate in planning.
"[1,7,3]",1,7,3,low,high,mid-low,Q-low,M⇈,D↗,L-H-ML | Q1-M7-D3,"Foundational craft, Strong market pull, Focused tension.",invest in code review & templates.
"[1,7,4]",1,7,4,low,high,balanced,Q-low,M⇈,D= ,L-H-C | Q1-M7-D4,"Foundational craft, Strong market pull, Balanced tension.",invest in code review & templates.
"[1,7,5]",1,7,5,low,high,mid-high,Q-low,M⇈,D↘,L-H-MH | Q1-M7-D5,"Foundational craft, Strong market pull, High strategic tension.",invest in code review & templates; resolve two biggest contradictions.
"[1,7,6]",1,7,6,low,high,high,Q-low,M⇈,D⇈,L-H-H | Q1-M7-D6,"Foundational craft, Strong market pull, High strategic tension.",invest in code review & templates; resolve two biggest contradictions.
"[1,7,7]",1,7,7,low,high,high,Q-low,M⇈,D⇈,L-H-H | Q1-M7-D7,"Foundational craft, Strong market pull, High strategic tension.",invest in code review & templates; resolve two biggest contradictions.
"[1,7,8]",1,7,8,low,high,high,Q-low,M⇈,D⇈,L-H-H | Q1-M7-D8,"Foundational craft, Strong market pull, High strategic tension.",invest in code review & templates; resolve two biggest contradictions.
"[1,8,1]",1,8,1,low,high,low,Q-low,M⇈,D-low,L-H-L | Q1-M8-D1,"Foundational craft, Strong market pull, Low creative tension.",invest in code review & templates; add healthy debate in planning.
"[1,8,2]",1,8,2,low,high,low,Q-low,M⇈,D-low,L-H-L | Q1-M8-D2,"Foundational craft, Strong market pull, Low creative tension.",invest in code review & templates; add healthy debate in planning.
"[1,8,3]",1,8,3,low,high,mid-low,Q-low,M⇈,D↗,L-H-ML | Q1-M8-D3,"Foundational craft, Strong market pull, Focused tension.",invest in code review & templates.
"[1,8,4]",1,8,4,low,high,balanced,Q-low,M⇈,D= ,L-H-C | Q1-M8-D4,"Foundational craft, Strong market pull, Balanced tension.",invest in code review & templates.
"[1,8,5]",1,8,5,low,high,mid-high,Q-low,M⇈,D↘,L-H-MH | Q1-M8-D5,"Foundational craft, Strong market pull, High strategic tension.",invest in code review & templates; resolve two biggest contradictions.
"[1,8,6]",1,8,6,low,high,high,Q-low,M⇈,D⇈,L-H-H | Q1-M8-D6,"Foundational craft, Strong market pull, High strategic tension.",invest in code review & templates; resolve two biggest contradictions.
"[1,8,7]",1,8,7,low,high,high,Q-low,M⇈,D⇈,L-H-H | Q1-M8-D7,"Foundational craft, Strong market pull, High strategic tension.",invest in code review & templates; resolve two biggest contradictions.
"[1,8,8]",1,8,8,low,high,high,Q-low,M⇈,D⇈,L-H-H | Q1-M8-D8,"Foundational craft, Strong market pull, High strategic tension.",invest in code review & templates; resolve two biggest contradictions.
"[2,1,1]",2,1,1,low,low,low,Q-low,M-low,D-low,L-L-L | Q2-M1-D1,"Foundational craft, Insular market fit, Low creative tension.",invest in code review & templates; do 3 quick customer interviews; add healthy debate in planning.
"[2,1,2]",2,1,2,low,low,low,Q-low,M-low,D-low,L-L-L | Q2-M1-D2,"Foundational craft, Insular market fit, Low creative tension.",invest in code review & templates; do 3 quick customer interviews; add healthy debate in planning.
"[2,1,3]",2,1,3,low,low,mid-low,Q-low,M-low,D↗,L-L-ML | Q2-M1-D3,"Foundational craft, Insular market fit, Focused tension.",invest in code review & templates; do 3 quick customer interviews.
"[2,1,4]",2,1,4,low,low,balanced,Q-low,M-low,D= ,L-L-C | Q2-M1-D4,"Foundational craft, Insular market fit, Balanced tension.",invest in code review & templates; do 3 quick customer interviews.
"[2,1,5]",2,1,5,low,low,mid-high,Q-low,M-low,D↘,L-L-MH | Q2-M1-D5,"Foundational craft, Insular market fit, High strategic tension.",invest in code review & templates; do 3 quick customer interviews; resolve two biggest contradictions.
"[2,1,6]",2,1,6,low,low,high,Q-low,M-low,D⇈,L-L-H | Q2-M1-D6,"Foundational craft, Insular market fit, High strategic tension.",invest in code review & templates; do 3 quick customer interviews; resolve two biggest contradictions.
"[2,1,7]",2,1,7,low,low,high,Q-low,M-low,D⇈,L-L-H | Q2-M1-D7,"Foundational craft, Insular market fit, High strategic tension.",invest in code review & templates; do 3 quick customer interviews; resolve two biggest contradictions.
"[2,1,8]",2,1,8,low,low,high,Q-low,M-low,D⇈,L-L-H | Q2-M1-D8,"Foundational craft, Insular market fit, High strategic tension.",invest in code review & templates; do 3 quick customer interviews; resolve two biggest contradictions.
"[2,2,1]",2,2,1,low,low,low,Q-low,M-low,D-low,L-L-L | Q2-M2-D1,"Foundational craft, Insular market fit, Low creative tension.",invest in code review & templates; do 3 quick customer interviews; add healthy debate in planning.
"[2,2,2]",2,2,2,low,low,low,Q-low,M-low,D-low,L-L-L | Q2-M2-D2,"Foundational craft, Insular market fit, Low creative tension.",invest in code review & templates; do 3 quick customer interviews; add healthy debate in planning.
"[2,2,3]",2,2,3,low,low,mid-low,Q-low,M-low,D↗,L-L-ML | Q2-M2-D3,"Foundational craft, Insular market fit, Focused tension.",invest in code review & templates; do 3 quick customer interviews.
"[2,2,4]",2,2,4,low,low,balanced,Q-low,M-low,D= ,L-L-C | Q2-M2-D4,"Foundational craft, Insular market fit, Balanced tension.",invest in code review & templates; do 3 quick customer interviews.
"[2,2,5]",2,2,5,low,low,mid-high,Q-low,M-low,D↘,L-L-MH | Q2-M2-D5,"Foundational craft, Insular market fit, High strategic tension.",invest in code review & templates; do 3 quick customer interviews; resolve two biggest contradictions.
"[2,2,6]",2,2,6,low,low,high,Q-low,M-low,D⇈,L-L-H | Q2-M2-D6,"Foundational craft, Insular market fit, High strategic tension.",invest in code review & templates; do 3 quick customer interviews; resolve two biggest contradictions.
"[2,2,7]",2,2,7,low,low,high,Q-low,M-low,D⇈,L-L-H | Q2-M2-D7,"Foundational craft, Insular market fit, High strategic tension.",invest in code review & templates; do 3 quick customer interviews; resolve two biggest contradictions.
"[2,2,8]",2,2,8,low,low,high,Q-low,M-low,D⇈,L-L-H | Q2-M2-D8,"Foundational craft, Insular market fit, High strategic tension.",invest in code review & templates; do 3 quick customer interviews; resolve two biggest contradictions.
"[2,3,1]",2,3,1,low,mid-low,low,Q-low,M↗,D-low,L-ML-L | Q2-M3-D1,"Foundational craft, Emerging market pull, Low creative tension.",invest in code review & templates; add healthy debate in planning.
"[2,3,2]",2,3,2,low,mid-low,low,Q-low,M↗,D-low,L-ML-L | Q2-M3-D2,"Foundational craft, Emerging market pull, Low creative tension.",invest in code review & templates; add healthy debate in planning.
"[2,3,3]",2,3,3,low,mid-low,mid-low,Q-low,M↗,D↗,L-ML-ML | Q2-M3-D3,"Foundational craft, Emerging market pull, Focused tension.",invest in code review & templates.
"[2,3,4]",2,3,4,low,mid-low,balanced,Q-low,M↗,D= ,L-ML-C | Q2-M3-D4,"Foundational craft, Emerging market pull, Balanced tension.",invest in code review & templates.
"[2,3,5]",2,3,5,low,mid-low,mid-high,Q-low,M↗,D↘,L-ML-MH | Q2-M3-D5,"Foundational craft, Emerging market pull, High strategic tension.",invest in code review & templates; resolve two biggest contradictions.
"[2,3,6]",2,3,6,low,mid-low,high,Q-low,M↗,D⇈,L-ML-H | Q2-M3-D6,"Foundational craft, Emerging market pull, High strategic tension.",invest in code review & templates; resolve two biggest contradictions.
"[2,3,7]",2,3,7,low,mid-low,high,Q-low,M↗,D⇈,L-ML-H | Q2-M3-D7,"Foundational craft, Emerging market pull, High strategic tension.",invest in code review & templates; resolve two biggest contradictions.
"[2,3,8]",2,3,8,low,mid-low,high,Q-low,M↗,D⇈,L-ML-H | Q2-M3-D8,"Foundational craft, Emerging market pull, High strategic tension.",invest in code review & templates; resolve two biggest contradictions.
"[2,4,1]",2,4,1,low,balanced,low,Q-low,M= ,D-low,L-C-L | Q2-M4-D1,"Foundational craft, Solid market fit, Low creative tension.",invest in code review & templates; add healthy debate in planning.
"[2,4,2]",2,4,2,low,balanced,low,Q-low,M= ,D-low,L-C-L | Q2-M4-D2,"Foundational craft, Solid market fit, Low creative tension.",invest in code review & templates; add healthy debate in planning.
"[2,4,3]",2,4,3,low,balanced,mid-low,Q-low,M= ,D↗,L-C-ML | Q2-M4-D3,"Foundational craft, Solid market fit, Focused tension.",invest in code review & templates.
"[2,4,4]",2,4,4,low,balanced,balanced,Q-low,M= ,D= ,L-C-C | Q2-M4-D4,"Foundational craft, Solid market fit, Balanced tension.",invest in code review & templates.
"[2,4,5]",2,4,5,low,balanced,mid-high,Q-low,M= ,D↘,L-C-MH | Q2-M4-D5,"Foundational craft, Solid market fit, High strategic tension.",invest in code review & templates; resolve two biggest contradictions.
"[2,4,6]",2,4,6,low,balanced,high,Q-low,M= ,D⇈,L-C-H | Q2-M4-D6,"Foundational craft, Solid market fit, High strategic tension.",invest in code review & templates; resolve two biggest contradictions.
"[2,4,7]",2,4,7,low,balanced,high,Q-low,M= ,D⇈,L-C-H | Q2-M4-D7,"Foundational craft, Solid market fit, High strategic tension.",invest in code review & templates; resolve two biggest contradictions.
"[2,4,8]",2,4,8,low,balanced,high,Q-low,M= ,D⇈,L-C-H | Q2-M4-D8,"Foundational craft, Solid market fit, High strategic tension.",invest in code review & templates; resolve two biggest contradictions.
"[2,5,1]",2,5,1,low,mid-high,low,Q-low,M↘,D-low,L-MH-L | Q2-M5-D1,"Foundational craft, Strong market pull, Low creative tension.",invest in code review & templates; add healthy debate in planning.
"[2,5,2]",2,5,2,low,mid-high,low,Q-low,M↘,D-low,L-MH-L | Q2-M5-D2,"Foundational craft, Strong market pull, Low creative tension.",invest in code review & templates; add healthy debate in planning.
"[2,5,3]",2,5,3,low,mid-high,mid-low,Q-low,M↘,D↗,L-MH-ML | Q2-M5-D3,"Foundational craft, Strong market pull, Focused tension.",invest in code review & templates.
"[2,5,4]",2,5,4,low,mid-high,balanced,Q-low,M↘,D= ,L-MH-C | Q2-M5-D4,"Foundational craft, Strong market pull, Balanced tension.",invest in code review & templates.
"[2,5,5]",2,5,5,low,mid-high,mid-high,Q-low,M↘,D↘,L-MH-MH | Q2-M5-D5,"Foundational craft, Strong market pull, High strategic tension.",invest in code review & templates; resolve two biggest contradictions.
"[2,5,6]",2,5,6,low,mid-high,high,Q-low,M↘,D⇈,L-MH-H | Q2-M5-D6,"Foundational craft, Strong market pull, High strategic tension.",invest in code review & templates; resolve two biggest contradictions.
"[2,5,7]",2,5,7,low,mid-high,high,Q-low,M↘,D⇈,L-MH-H | Q2-M5-D7,"Foundational craft, Strong market pull, High strategic tension.",invest in code review & templates; resolve two biggest contradictions.
"[2,5,8]",2,5,8,low,mid-high,high,Q-low,M↘,D⇈,L-MH-H | Q2-M5-D8,"Foundational craft, Strong market pull, High strategic tension.",invest in code review & templates; resolve two biggest contradictions.
"[2,6,1]",2,6,1,low,high,low,Q-low,M⇈,D-low,L-H-L | Q2-M6-D1,"Foundational craft, Strong market pull, Low creative tension.",invest in code review & templates; add healthy debate in planning.
"[2,6,2]",2,6,2,low,high,low,Q-low,M⇈,D-low,L-H-L | Q2-M6-D2,"Foundational craft, Strong market pull, Low creative tension.",invest in code review & templates; add healthy debate in planning.
"[2,6,3]",2,6,3,low,high,mid-low,Q-low,M⇈,D↗,L-H-ML | Q2-M6-D3,"Foundational craft, Strong market pull, Focused tension.",invest in code review & templates.
"[2,6,4]",2,6,4,low,high,balanced,Q-low,M⇈,D= ,L-H-C | Q2-M6-D4,"Foundational craft, Strong market pull, Balanced tension.",invest in code review & templates.
"[2,6,5]",2,6,5,low,high,mid-high,Q-low,M⇈,D↘,L-H-MH | Q2-M6-D5,"Foundational craft, Strong market pull, High strategic tension.",invest in code review & templates; resolve two biggest contradictions.
"[2,6,6]",2,6,6,low,high,high,Q-low,M⇈,D⇈,L-H-H | Q2-M6-D6,"Foundational craft, Strong market pull, High strategic tension.",invest in code review & templates; resolve two biggest contradictions.
"[2,6,7]",2,6,7,low,high,high,Q-low,M⇈,D⇈,L-H-H | Q2-M6-D7,"Foundational craft, Strong market pull, High strategic tension.",invest in code review & templates; resolve two biggest contradictions.
"[2,6,8]",2,6,8,low,high,high,Q-low,M⇈,D⇈,L-H-H | Q2-M6-D8,"Foundational craft, Strong market pull, High strategic tension.",invest in code review & templates; resolve two biggest contradictions.
"[2,7,1]",2,7,1,low,high,low,Q-low,M⇈,D-low,L-H-L | Q2-M7-D1,"Foundational craft, Strong market pull, Low creative tension.",invest in code review & templates; add healthy debate in planning.
"[2,7,2]",2,7,2,low,high,low,Q-low,M⇈,D-low,L-H-L | Q2-M7-D2,"Foundational craft, Strong market pull, Low creative tension.",invest in code review & templates; add healthy debate in planning.
"[2,7,3]",2,7,3,low,high,mid-low,Q-low,M⇈,D↗,L-H-ML | Q2-M7-D3,"Foundational craft, Strong market pull, Focused tension.",invest in code review & templates.
"[2,7,4]",2,7,4,low,high,balanced,Q-low,M⇈,D= ,L-H-C | Q2-M7-D4,"Foundational craft, Strong market pull, Balanced tension.",invest in code review & templates.
"[2,7,5]",2,7,5,low,high,mid-high,Q-low,M⇈,D↘,L-H-MH | Q2-M7-D5,"Foundational craft, Strong market pull, High strategic tension.",invest in code review & templates; resolve two biggest contradictions.
"[2,7,6]",2,7,6,low,high,high,Q-low,M⇈,D⇈,L-H-H | Q2-M7-D6,"Foundational craft, Strong market pull, High strategic tension.",invest in code review & templates; resolve two biggest contradictions.
"[2,7,7]",2,7,7,low,high,high,Q-low,M⇈,D⇈,L-H-H | Q2-M7-D7,"Foundational craft, Strong market pull, High strategic tension.",invest in code review & templates; resolve two biggest contradictions.
"[2,7,8]",2,7,8,low,high,high,Q-low,M⇈,D⇈,L-H-H | Q2-M7-D8,"Foundational craft, Strong market pull, High strategic tension.",invest in code review & templates; resolve two biggest contradictions.
"[2,8,1]",2,8,1,low,high,low,Q-low,M⇈,D-low,L-H-L | Q2-M8-D1,"Foundational craft, Strong market pull, Low creative tension.",invest in code review & templates; add healthy debate in planning.
"[2,8,2]",2,8,2,low,high,low,Q-low,M⇈,D-low,L-H-L | Q2-M8-D2,"Foundational craft, Strong market pull, Low creative tension.",invest in code review & templates; add healthy debate in planning.
"[2,8,3]",2,8,3,low,high,mid-low,Q-low,M⇈,D↗,L-H-ML | Q2-M8-D3,"Foundational craft, Strong market pull, Focused tension.",invest in code review & templates.
"[2,8,4]",2,8,4,low,high,balanced,Q-low,M⇈,D= ,L-H-C | Q2-M8-D4,"Foundational craft, Strong market pull, Balanced tension.",invest in code review & templates.
"[2,8,5]",2,8,5,low,high,mid-high,Q-low,M⇈,D↘,L-H-MH | Q2-M8-D5,"Foundational craft, Strong market pull, High strategic tension.",invest in code review & templates; resolve two biggest contradictions.
"[2,8,6]",2,8,6,low,high,high,Q-low,M⇈,D⇈,L-H-H | Q2-M8-D6,"Foundational craft, Strong market pull, High strategic tension.",invest in code review & templates; resolve two biggest contradictions.
"[2,8,7]",2,8,7,low,high,high,Q-low,M⇈,D⇈,L-H-H | Q2-M8-D7,"Foundational craft, Strong market pull, High strategic tension.",invest in code review & templates; resolve two biggest contradictions.
"[2,8,8]",2,8,8,low,high,high,Q-low,M⇈,D⇈,L-H-H | Q2-M8-D8,"Foundational craft, Strong market pull, High strategic tension.",invest in code review & templates; resolve two biggest contradictions.
"[3,1,1]",3,1,1,mid-low,low,low,Q↗,M-low,D-low,ML-L-L | Q3-M1-D1,"Emerging craft, Insular market fit, Low creative tension.",do 3 quick customer interviews; add healthy debate in planning.
"[3,1,2]",3,1,2,mid-low,low,low,Q↗,M-low,D-low,ML-L-L | Q3-M1-D2,"Emerging craft, Insular market fit, Low creative tension.",do 3 quick customer interviews; add healthy debate in planning.
"[3,1,3]",3,1,3,mid-low,low,mid-low,Q↗,M-low,D↗,ML-L-ML | Q3-M1-D3,"Emerging craft, Insular market fit, Focused tension.",do 3 quick customer interviews; protect focus; avoid scope creep.
"[3,1,4]",3,1,4,mid-low,low,balanced,Q↗,M-low,D= ,ML-L-C | Q3-M1-D4,"Emerging craft, Insular market fit, Balanced tension.",do 3 quick customer interviews.
"[3,1,5]",3,1,5,mid-low,low,mid-high,Q↗,M-low,D↘,ML-L-MH | Q3-M1-D5,"Emerging craft, Insular market fit, High strategic tension.",do 3 quick customer interviews; resolve two biggest contradictions.
"[3,1,6]",3,1,6,mid-low,low,high,Q↗,M-low,D⇈,ML-L-H | Q3-M1-D6,"Emerging craft, Insular market fit, High strategic tension.",do 3 quick customer interviews; resolve two biggest contradictions.
"[3,1,7]",3,1,7,mid-low,low,high,Q↗,M-low,D⇈,ML-L-H | Q3-M1-D7,"Emerging craft, Insular market fit, High strategic tension.",do 3 quick customer interviews; resolve two biggest contradictions.
"[3,1,8]",3,1,8,mid-low,low,high,Q↗,M-low,D⇈,ML-L-H | Q3-M1-D8,"Emerging craft, Insular market fit, High strategic tension.",do 3 quick customer interviews; resolve two biggest contradictions.
"[3,2,1]",3,2,1,mid-low,low,low,Q↗,M-low,D-low,ML-L-L | Q3-M2-D1,"Emerging craft, Insular market fit, Low creative tension.",do 3 quick customer interviews; add healthy debate in planning.
"[3,2,2]",3,2,2,mid-low,low,low,Q↗,M-low,D-low,ML-L-L | Q3-M2-D2,"Emerging craft, Insular market fit, Low creative tension.",do 3 quick customer interviews; add healthy debate in planning.
"[3,2,3]",3,2,3,mid-low,low,mid-low,Q↗,M-low,D↗,ML-L-ML | Q3-M2-D3,"Emerging craft, Insular market fit, Focused tension.",do 3 quick customer interviews; protect focus; avoid scope creep.
"[3,2,4]",3,2,4,mid-low,low,balanced,Q↗,M-low,D= ,ML-L-C | Q3-M2-D4,"Emerging craft, Insular market fit, Balanced tension.",do 3 quick customer interviews.
"[3,2,5]",3,2,5,mid-low,low,mid-high,Q↗,M-low,D↘,ML-L-MH | Q3-M2-D5,"Emerging craft, Insular market fit, High strategic tension.",do 3 quick customer interviews; resolve two biggest contradictions.
"[3,2,6]",3,2,6,mid-low,low,high,Q↗,M-low,D⇈,ML-L-H | Q3-M2-D6,"Emerging craft, Insular market fit, High strategic tension.",do 3 quick customer interviews; resolve two biggest contradictions.
"[3,2,7]",3,2,7,mid-low,low,high,Q↗,M-low,D⇈,ML-L-H | Q3-M2-D7,"Emerging craft, Insular market fit, High strategic tension.",do 3 quick customer interviews; resolve two biggest contradictions.
"[3,2,8]",3,2,8,mid-low,low,high,Q↗,M-low,D⇈,ML-L-H | Q3-M2-D8,"Emerging craft, Insular market fit, High strategic tension.",do 3 quick customer interviews; resolve two biggest contradictions.
"[3,3,1]",3,3,1,mid-low,mid-low,low,Q↗,M↗,D-low,ML-ML-L | Q3-M3-D1,"Emerging craft, Emerging market pull, Low creative tension.",add healthy debate in planning.
"[3,3,2]",3,3,2,mid-low,mid-low,low,Q↗,M↗,D-low,ML-ML-L | Q3-M3-D2,"Emerging craft, Emerging market pull, Low creative tension.",add healthy debate in planning.
"[3,3,3]",3,3,3,mid-low,mid-low,mid-low,Q↗,M↗,D↗,ML-ML-ML | Q3-M3-D3,"Emerging craft, Emerging market pull, Focused tension.",protect focus; avoid scope creep.
"[3,3,4]",3,3,4,mid-low,mid-low,balanced,Q↗,M↗,D= ,ML-ML-C | Q3-M3-D4,"Emerging craft, Emerging market pull, Balanced tension.",protect focus; avoid scope creep.
"[3,3,5]",3,3,5,mid-low,mid-low,mid-high,Q↗,M↗,D↘,ML-ML-MH | Q3-M3-D5,"Emerging craft, Emerging market pull, High strategic tension.",resolve two biggest contradictions.
"[3,3,6]",3,3,6,mid-low,mid-low,high,Q↗,M↗,D⇈,ML-ML-H | Q3-M3-D6,"Emerging craft, Emerging market pull, High strategic tension.",resolve two biggest contradictions.
"[3,3,7]",3,3,7,mid-low,mid-low,high,Q↗,M↗,D⇈,ML-ML-H | Q3-M3-D7,"Emerging craft, Emerging market pull, High strategic tension.",resolve two biggest contradictions.
"[3,3,8]",3,3,8,mid-low,mid-low,high,Q↗,M↗,D⇈,ML-ML-H | Q3-M3-D8,"Emerging craft, Emerging market pull, High strategic tension.",resolve two biggest contradictions.
"[3,4,1]",3,4,1,mid-low,balanced,low,Q↗,M= ,D-low,ML-C-L | Q3-M4-D1,"Emerging craft, Solid market fit, Low creative tension.",add healthy debate in planning.
"[3,4,2]",3,4,2,mid-low,balanced,low,Q↗,M= ,D-low,ML-C-L | Q3-M4-D2,"Emerging craft, Solid market fit, Low creative tension.",add healthy debate in planning.
"[3,4,3]",3,4,3,mid-low,balanced,mid-low,Q↗,M= ,D↗,ML-C-ML | Q3-M4-D3,"Emerging craft, Solid market fit, Focused tension.",protect focus; avoid scope creep.
"[3,4,4]",3,4,4,mid-low,balanced,balanced,Q↗,M= ,D= ,ML-C-C | Q3-M4-D4,"Emerging craft, Solid market fit, Balanced tension.",protect focus; avoid scope creep.
"[3,4,5]",3,4,5,mid-low,balanced,mid-high,Q↗,M= ,D↘,ML-C-MH | Q3-M4-D5,"Emerging craft, Solid market fit, High strategic tension.",resolve two biggest contradictions.
"[3,4,6]",3,4,6,mid-low,balanced,high,Q↗,M= ,D⇈,ML-C-H | Q3-M4-D6,"Emerging craft, Solid market fit, High strategic tension.",resolve two biggest contradictions.
"[3,4,7]",3,4,7,mid-low,balanced,high,Q↗,M= ,D⇈,ML-C-H | Q3-M4-D7,"Emerging craft, Solid market fit, High strategic tension.",resolve two biggest contradictions.
"[3,4,8]",3,4,8,mid-low,balanced,high,Q↗,M= ,D⇈,ML-C-H | Q3-M4-D8,"Emerging craft, Solid market fit, High strategic tension.",resolve two biggest contradictions.
"[3,5,1]",3,5,1,mid-low,mid-high,low,Q↗,M↘,D-low,ML-MH-L | Q3-M5-D1,"Emerging craft, Strong market pull, Low creative tension.",add healthy debate in planning.
"[3,5,2]",3,5,2,mid-low,mid-high,low,Q↗,M↘,D-low,ML-MH-L | Q3-M5-D2,"Emerging craft, Strong market pull, Low creative tension.",add healthy debate in planning.
"[3,5,3]",3,5,3,mid-low,mid-high,mid-low,Q↗,M↘,D↗,ML-MH-ML | Q3-M5-D3,"Emerging craft, Strong market pull, Focused tension.",protect focus; avoid scope creep.
"[3,5,4]",3,5,4,mid-low,mid-high,balanced,Q↗,M↘,D= ,ML-MH-C | Q3-M5-D4,"Emerging craft, Strong market pull, Balanced tension.",protect focus; avoid scope creep.
"[3,5,5]",3,5,5,mid-low,mid-high,mid-high,Q↗,M↘,D↘,ML-MH-MH | Q3-M5-D5,"Emerging craft, Strong market pull, High strategic tension.",resolve two biggest contradictions.
"[3,5,6]",3,5,6,mid-low,mid-high,high,Q↗,M↘,D⇈,ML-MH-H | Q3-M5-D6,"Emerging craft, Strong market pull, High strategic tension.",resolve two biggest contradictions.
"[3,5,7]",3,5,7,mid-low,mid-high,high,Q↗,M↘,D⇈,ML-MH-H | Q3-M5-D7,"Emerging craft, Strong market pull, High strategic tension.",resolve two biggest contradictions.
"[3,5,8]",3,5,8,mid-low,mid-high,high,Q↗,M↘,D⇈,ML-MH-H | Q3-M5-D8,"Emerging craft, Strong market pull, High strategic tension.",resolve two biggest contradictions.
"[3,6,1]",3,6,1,mid-low,high,low,Q↗,M⇈,D-low,ML-H-L | Q3-M6-D1,"Emerging craft, Strong market pull, Low creative tension.",add healthy debate in planning.
"[3,6,2]",3,6,2,mid-low,high,low,Q↗,M⇈,D-low,ML-H-L | Q3-M6-D2,"Emerging craft, Strong market pull, Low creative tension.",add healthy debate in planning.
"[3,6,3]",3,6,3,mid-low,high,mid-low,Q↗,M⇈,D↗,ML-H-ML | Q3-M6-D3,"Emerging craft, Strong market pull, Focused tension.",protect focus; avoid scope creep.
"[3,6,4]",3,6,4,mid-low,high,balanced,Q↗,M⇈,D= ,ML-H-C | Q3-M6-D4,"Emerging craft, Strong market pull, Balanced tension.",protect focus; avoid scope creep.
"[3,6,5]",3,6,5,mid-low,high,mid-high,Q↗,M⇈,D↘,ML-H-MH | Q3-M6-D5,"Emerging craft, Strong market pull, High strategic tension.",resolve two biggest contradictions.
"[3,6,6]",3,6,6,mid-low,high,high,Q↗,M⇈,D⇈,ML-H-H | Q3-M6-D6,"Emerging craft, Strong market pull, High strategic tension.",resolve two biggest contradictions.
"[3,6,7]",3,6,7,mid-low,high,high,Q↗,M⇈,D⇈,ML-H-H | Q3-M6-D7,"Emerging craft, Strong market pull, High strategic tension.",resolve two biggest contradictions.
"[3,6,8]",3,6,8,mid-low,high,high,Q↗,M⇈,D⇈,ML-H-H | Q3-M6-D8,"Emerging craft, Strong market pull, High strategic tension.",resolve two biggest contradictions.
"[3,7,1]",3,7,1,mid-low,high,low,Q↗,M⇈,D-low,ML-H-L | Q3-M7-D1,"Emerging craft, Strong market pull, Low creative tension.",add healthy debate in planning.
"[3,7,2]",3,7,2,mid-low,high,low,Q↗,M⇈,D-low,ML-H-L | Q3-M7-D2,"Emerging craft, Strong market pull, Low creative tension.",add healthy debate in planning.
"[3,7,3]",3,7,3,mid-low,high,mid-low,Q↗,M⇈,D↗,ML-H-ML | Q3-M7-D3,"Emerging craft, Strong market pull, Focused tension.",protect focus; avoid scope creep.
"[3,7,4]",3,7,4,mid-low,high,balanced,Q↗,M⇈,D= ,ML-H-C | Q3-M7-D4,"Emerging craft, Strong market pull, Balanced tension.",protect focus; avoid scope creep.
"[3,7,5]",3,7,5,mid-low,high,mid-high,Q↗,M⇈,D↘,ML-H-MH | Q3-M7-D5,"Emerging craft, Strong market pull, High strategic tension.",resolve two biggest contradictions.
"[3,7,6]",3,7,6,mid-low,high,high,Q↗,M⇈,D⇈,ML-H-H | Q3-M7-D6,"Emerging craft, Strong market pull, High strategic tension.",resolve two biggest contradictions.
"[3,7,7]",3,7,7,mid-low,high,high,Q↗,M⇈,D⇈,ML-H-H | Q3-M7-D7,"Emerging craft, Strong market pull, High strategic tension.",resolve two biggest contradictions.
"[3,7,8]",3,7,8,mid-low,high,high,Q↗,M⇈,D⇈,ML-H-H | Q3-M7-D8,"Emerging craft, Strong market pull, High strategic tension.",resolve two biggest contradictions.
"[3,8,1]",3,8,1,mid-low,high,low,Q↗,M⇈,D-low,ML-H-L | Q3-M8-D1,"Emerging craft, Strong market pull, Low creative tension.",add healthy debate in planning.
"[3,8,2]",3,8,2,mid-low,high,low,Q↗,M⇈,D-low,ML-H-L | Q3-M8-D2,"Emerging craft, Strong market pull, Low creative tension.",add healthy debate in planning.
"[3,8,3]",3,8,3,mid-low,high,mid-low,Q↗,M⇈,D↗,ML-H-ML | Q3-M8-D3,"Emerging craft, Strong market pull, Focused tension.",protect focus; avoid scope creep.
"[3,8,4]",3,8,4,mid-low,high,balanced,Q↗,M⇈,D= ,ML-H-C | Q3-M8-D4,"Emerging craft, Strong market pull, Balanced tension.",protect focus; avoid scope creep.
"[3,8,5]",3,8,5,mid-low,high,mid-high,Q↗,M⇈,D↘,ML-H-MH | Q3-M8-D5,"Emerging craft, Strong market pull, High strategic tension.",resolve two biggest contradictions.
"[3,8,6]",3,8,6,mid-low,high,high,Q↗,M⇈,D⇈,ML-H-H | Q3-M8-D6,"Emerging craft, Strong market pull, High strategic tension.",resolve two biggest contradictions.
"[3,8,7]",3,8,7,mid-low,high,high,Q↗,M⇈,D⇈,ML-H-H | Q3-M8-D7,"Emerging craft, Strong market pull, High strategic tension.",resolve two biggest contradictions.
"[3,8,8]",3,8,8,mid-low,high,high,Q↗,M⇈,D⇈,ML-H-H | Q3-M8-D8,"Emerging craft, Strong market pull, High strategic tension.",resolve two biggest contradictions.
"[4,1,1]",4,1,1,balanced,low,low,Q= ,M-low,D-low,C-L-L | Q4-M1-D1,"Solid craft, Insular market fit, Low creative tension.",do 3 quick customer interviews; add healthy debate in planning.
"[4,1,2]",4,1,2,balanced,low,low,Q= ,M-low,D-low,C-L-L | Q4-M1-D2,"Solid craft, Insular market fit, Low creative tension.",do 3 quick customer interviews; add healthy debate in planning.
"[4,1,3]",4,1,3,balanced,low,mid-low,Q= ,M-low,D↗,C-L-ML | Q4-M1-D3,"Solid craft, Insular market fit, Focused tension.",do 3 quick customer interviews; protect focus; avoid scope creep.
"[4,1,4]",4,1,4,balanced,low,balanced,Q= ,M-low,D= ,C-L-C | Q4-M1-D4,"Solid craft, Insular market fit, Balanced tension.",do 3 quick customer interviews; protect focus; avoid scope creep.
"[4,1,5]",4,1,5,balanced,low,mid-high,Q= ,M-low,D↘,C-L-MH | Q4-M1-D5,"Solid craft, Insular market fit, High strategic tension.",do 3 quick customer interviews; resolve two biggest contradictions.
"[4,1,6]",4,1,6,balanced,low,high,Q= ,M-low,D⇈,C-L-H | Q4-M1-D6,"Solid craft, Insular market fit, High strategic tension.",do 3 quick customer interviews; resolve two biggest contradictions.
"[4,1,7]",4,1,7,balanced,low,high,Q= ,M-low,D⇈,C-L-H | Q4-M1-D7,"Solid craft, Insular market fit, High strategic tension.",do 3 quick customer interviews; resolve two biggest contradictions.
"[4,1,8]",4,1,8,balanced,low,high,Q= ,M-low,D⇈,C-L-H | Q4-M1-D8,"Solid craft, Insular market fit, High strategic tension.",do 3 quick customer interviews; resolve two biggest contradictions.
"[4,2,1]",4,2,1,balanced,low,low,Q= ,M-low,D-low,C-L-L | Q4-M2-D1,"Solid craft, Insular market fit, Low creative tension.",do 3 quick customer interviews; add healthy debate in planning.
"[4,2,2]",4,2,2,balanced,low,low,Q= ,M-low,D-low,C-L-L | Q4-M2-D2,"Solid craft, Insular market fit, Low creative tension.",do 3 quick customer interviews; add healthy debate in planning.
"[4,2,3]",4,2,3,balanced,low,mid-low,Q= ,M-low,D↗,C-L-ML | Q4-M2-D3,"Solid craft, Insular market fit, Focused tension.",do 3 quick customer interviews; protect focus; avoid scope creep.
"[4,2,4]",4,2,4,balanced,low,balanced,Q= ,M-low,D= ,C-L-C | Q4-M2-D4,"Solid craft, Insular market fit, Balanced tension.",do 3 quick customer interviews; protect focus; avoid scope creep.
"[4,2,5]",4,2,5,balanced,low,mid-high,Q= ,M-low,D↘,C-L-MH | Q4-M2-D5,"Solid craft, Insular market fit, High strategic tension.",do 3 quick customer interviews; resolve two biggest contradictions.
"[4,2,6]",4,2,6,balanced,low,high,Q= ,M-low,D⇈,C-L-H | Q4-M2-D6,"Solid craft, Insular market fit, High strategic tension.",do 3 quick customer interviews; resolve two biggest contradictions.
"[4,2,7]",4,2,7,balanced,low,high,Q= ,M-low,D⇈,C-L-H | Q4-M2-D7,"Solid craft, Insular market fit, High strategic tension.",do 3 quick customer interviews; resolve two biggest contradictions.
"[4,2,8]",4,2,8,balanced,low,high,Q= ,M-low,D⇈,C-L-H | Q4-M2-D8,"Solid craft, Insular market fit, High strategic tension.",do 3 quick customer interviews; resolve two biggest contradictions.
"[4,3,1]",4,3,1,balanced,mid-low,low,Q= ,M↗,D-low,C-ML-L | Q4-M3-D1,"Solid craft, Emerging market pull, Low creative tension.",add healthy debate in planning.
"[4,3,2]",4,3,2,balanced,mid-low,low,Q= ,M↗,D-low,C-ML-L | Q4-M3-D2,"Solid craft, Emerging market pull, Low creative tension.",add healthy debate in planning.
"[4,3,3]",4,3,3,balanced,mid-low,mid-low,Q= ,M↗,D↗,C-ML-ML | Q4-M3-D3,"Solid craft, Emerging market pull, Focused tension.",protect focus; avoid scope creep.
"[4,3,4]",4,3,4,balanced,mid-low,balanced,Q= ,M↗,D= ,C-ML-C | Q4-M3-D4,"Solid craft, Emerging market pull, Balanced tension.",protect focus; avoid scope creep.
"[4,3,5]",4,3,5,balanced,mid-low,mid-high,Q= ,M↗,D↘,C-ML-MH | Q4-M3-D5,"Solid craft, Emerging market pull, High strategic tension.",resolve two biggest contradictions.
"[4,3,6]",4,3,6,balanced,mid-low,high,Q= ,M↗,D⇈,C-ML-H | Q4-M3-D6,"Solid craft, Emerging market pull, High strategic tension.",resolve two biggest contradictions.
"[4,3,7]",4,3,7,balanced,mid-low,high,Q= ,M↗,D⇈,C-ML-H | Q4-M3-D7,"Solid craft, Emerging market pull, High strategic tension.",resolve two biggest contradictions.
"[4,3,8]",4,3,8,balanced,mid-low,high,Q= ,M↗,D⇈,C-ML-H | Q4-M3-D8,"Solid craft, Emerging market pull, High strategic tension.",resolve two biggest contradictions.
"[4,4,1]",4,4,1,balanced,balanced,low,Q= ,M= ,D-low,C-C-L | Q4-M4-D1,"Solid craft, Solid market fit, Low creative tension.",add healthy debate in planning.
"[4,4,2]",4,4,2,balanced,balanced,low,Q= ,M= ,D-low,C-C-L | Q4-M4-D2,"Solid craft, Solid market fit, Low creative tension.",add healthy debate in planning.
"[4,4,3]",4,4,3,balanced,balanced,mid-low,Q= ,M= ,D↗,C-C-ML | Q4-M4-D3,"Solid craft, Solid market fit, Focused tension.",protect focus; avoid scope creep.
"[4,4,4]",4,4,4,balanced,balanced,balanced,Q= ,M= ,D= ,C-C-C | Q4-M4-D4,"Solid craft, Solid market fit, Balanced tension.",protect focus; avoid scope creep.
"[4,4,5]",4,4,5,balanced,balanced,mid-high,Q= ,M= ,D↘,C-C-MH | Q4-M4-D5,"Solid craft, Solid market fit, High strategic tension.",resolve two biggest contradictions.
"[4,4,6]",4,4,6,balanced,balanced,high,Q= ,M= ,D⇈,C-C-H | Q4-M4-D6,"Solid craft, Solid market fit, High strategic tension.",resolve two biggest contradictions.
"[4,4,7]",4,4,7,balanced,balanced,high,Q= ,M= ,D⇈,C-C-H | Q4-M4-D7,"Solid craft, Solid market fit, High strategic tension.",resolve two biggest contradictions.
"[4,4,8]",4,4,8,balanced,balanced,high,Q= ,M= ,D⇈,C-C-H | Q4-M4-D8,"Solid craft, Solid market fit, High strategic tension.",resolve two biggest contradictions.
"[4,5,1]",4,5,1,balanced,mid-high,low,Q= ,M↘,D-low,C-MH-L | Q4-M5-D1,"Solid craft, Strong market pull, Low creative tension.",add healthy debate in planning.
"[4,5,2]",4,5,2,balanced,mid-high,low,Q= ,M↘,D-low,C-MH-L | Q4-M5-D2,"Solid craft, Strong market pull, Low creative tension.",add healthy debate in planning.
"[4,5,3]",4,5,3,balanced,mid-high,mid-low,Q= ,M↘,D↗,C-MH-ML | Q4-M5-D3,"Solid craft, Strong market pull, Focused tension.",protect focus; avoid scope creep.
"[4,5,4]",4,5,4,balanced,mid-high,balanced,Q= ,M↘,D= ,C-MH-C | Q4-M5-D4,"Solid craft, Strong market pull, Balanced tension.",protect focus; avoid scope creep.
"[4,5,5]",4,5,5,balanced,mid-high,mid-high,Q= ,M↘,D↘,C-MH-MH | Q4-M5-D5,"Solid craft, Strong market pull, High strategic tension.",resolve two biggest contradictions.
"[4,5,6]",4,5,6,balanced,mid-high,high,Q= ,M↘,D⇈,C-MH-H | Q4-M5-D6,"Solid craft, Strong market pull, High strategic tension.",resolve two biggest contradictions.
"[4,5,7]",4,5,7,balanced,mid-high,high,Q= ,M↘,D⇈,C-MH-H | Q4-M5-D7,"Solid craft, Strong market pull, High strategic tension.",resolve two biggest contradictions.
"[4,5,8]",4,5,8,balanced,mid-high,high,Q= ,M↘,D⇈,C-MH-H | Q4-M5-D8,"Solid craft, Strong market pull, High strategic tension.",resolve two biggest contradictions.
"[4,6,1]",4,6,1,balanced,high,low,Q= ,M⇈,D-low,C-H-L | Q4-M6-D1,"Solid craft, Strong market pull, Low creative tension.",add healthy debate in planning.
"[4,6,2]",4,6,2,balanced,high,low,Q= ,M⇈,D-low,C-H-L | Q4-M6-D2,"Solid craft, Strong market pull, Low creative tension.",add healthy debate in planning.
"[4,6,3]",4,6,3,balanced,high,mid-low,Q= ,M⇈,D↗,C-H-ML | Q4-M6-D3,"Solid craft, Strong market pull, Focused tension.",protect focus; avoid scope creep.
"[4,6,4]",4,6,4,balanced,high,balanced,Q= ,M⇈,D= ,C-H-C | Q4-M6-D4,"Solid craft, Strong market pull, Balanced tension.",protect focus; avoid scope creep.
"[4,6,5]",4,6,5,balanced,high,mid-high,Q= ,M⇈,D↘,C-H-MH | Q4-M6-D5,"Solid craft, Strong market pull, High strategic tension.",resolve two biggest contradictions.
"[4,6,6]",4,6,6,balanced,high,high,Q= ,M⇈,D⇈,C-H-H | Q4-M6-D6,"Solid craft, Strong market pull, High strategic tension.",resolve two biggest contradictions.
"[4,6,7]",4,6,7,balanced,high,high,Q= ,M⇈,D⇈,C-H-H | Q4-M6-D7,"Solid craft, Strong market pull, High strategic tension.",resolve two biggest contradictions.
"[4,6,8]",4,6,8,balanced,high,high,Q= ,M⇈,D⇈,C-H-H | Q4-M6-D8,"Solid craft, Strong market pull, High strategic tension.",resolve two biggest contradictions.
"[4,7,1]",4,7,1,balanced,high,low,Q= ,M⇈,D-low,C-H-L | Q4-M7-D1,"Solid craft, Strong market pull, Low creative tension.",add healthy debate in planning.
"[4,7,2]",4,7,2,balanced,high,low,Q= ,M⇈,D-low,C-H-L | Q4-M7-D2,"Solid craft, Strong market pull, Low creative tension.",add healthy debate in planning.
"[4,7,3]",4,7,3,balanced,high,mid-low,Q= ,M⇈,D↗,C-H-ML | Q4-M7-D3,"Solid craft, Strong market pull, Focused tension.",protect focus; avoid scope creep.
"[4,7,4]",4,7,4,balanced,high,balanced,Q= ,M⇈,D= ,C-H-C | Q4-M7-D4,"Solid craft, Strong market pull, Balanced tension.",protect focus; avoid scope creep.
"[4,7,5]",4,7,5,balanced,high,mid-high,Q= ,M⇈,D↘,C-H-MH | Q4-M7-D5,"Solid craft, Strong market pull, High strategic tension.",resolve two biggest contradictions.
"[4,7,6]",4,7,6,balanced,high,high,Q= ,M⇈,D⇈,C-H-H | Q4-M7-D6,"Solid craft, Strong market pull, High strategic tension.",resolve two biggest contradictions.
"[4,7,7]",4,7,7,balanced,high,high,Q= ,M⇈,D⇈,C-H-H | Q4-M7-D7,"Solid craft, Strong market pull, High strategic tension.",resolve two biggest contradictions.
"[4,7,8]",4,7,8,balanced,high,high,Q= ,M⇈,D⇈,C-H-H | Q4-M7-D8,"Solid craft, Strong market pull, High strategic tension.",resolve two biggest contradictions.
"[4,8,1]",4,8,1,balanced,high,low,Q= ,M⇈,D-low,C-H-L | Q4-M8-D1,"Solid craft, Strong market pull, Low creative tension.",add healthy debate in planning.
"[4,8,2]",4,8,2,balanced,high,low,Q= ,M⇈,D-low,C-H-L | Q4-M8-D2,"Solid craft, Strong market pull, Low creative tension.",add healthy debate in planning.
"[4,8,3]",4,8,3,balanced,high,mid-low,Q= ,M⇈,D↗,C-H-ML | Q4-M8-D3,"Solid craft, Strong market pull, Focused tension.",protect focus; avoid scope creep.
"[4,8,4]",4,8,4,balanced,high,balanced,Q= ,M⇈,D= ,C-H-C | Q4-M8-D4,"Solid craft, Strong market pull, Balanced tension.",protect focus; avoid scope creep.
"[4,8,5]",4,8,5,balanced,high,mid-high,Q= ,M⇈,D↘,C-H-MH | Q4-M8-D5,"Solid craft, Strong market pull, High strategic tension.",resolve two biggest contradictions.
"[4,8,6]",4,8,6,balanced,high,high,Q= ,M⇈,D⇈,C-H-H | Q4-M8-D6,"Solid craft, Strong market pull, High strategic tension.",resolve two biggest contradictions.
"[4,8,7]",4,8,7,balanced,high,high,Q= ,M⇈,D⇈,C-H-H | Q4-M8-D7,"Solid craft, Strong market pull, High strategic tension.",resolve two biggest contradictions.
"[4,8,8]",4,8,8,balanced,high,high,Q= ,M⇈,D⇈,C-H-H | Q4-M8-D8,"Solid craft, Strong market pull, High strategic tension.",resolve two biggest contradictions.
"[5,1,1]",5,1,1,mid-high,low,low,Q↘,M-low,D-low,MH-L-L | Q5-M1-D1,"Advanced craft, Insular market fit, Low creative tension.",do 3 quick customer interviews; add healthy debate in planning.
"[5,1,2]",5,1,2,mid-high,low,low,Q↘,M-low,D-low,MH-L-L | Q5-M1-D2,"Advanced craft, Insular market fit, Low creative tension.",do 3 quick customer interviews; add healthy debate in planning.
"[5,1,3]",5,1,3,mid-high,low,mid-low,Q↘,M-low,D↗,MH-L-ML | Q5-M1-D3,"Advanced craft, Insular market fit, Focused tension.",do 3 quick customer interviews; protect focus; avoid scope creep.
"[5,1,4]",5,1,4,mid-high,low,balanced,Q↘,M-low,D= ,MH-L-C | Q5-M1-D4,"Advanced craft, Insular market fit, Balanced tension.",do 3 quick customer interviews; protect focus; avoid scope creep.
"[5,1,5]",5,1,5,mid-high,low,mid-high,Q↘,M-low,D↘,MH-L-MH | Q5-M1-D5,"Advanced craft, Insular market fit, High strategic tension.",do 3 quick customer interviews; resolve two biggest contradictions.
"[5,1,6]",5,1,6,mid-high,low,high,Q↘,M-low,D⇈,MH-L-H | Q5-M1-D6,"Advanced craft, Insular market fit, High strategic tension.",do 3 quick customer interviews; resolve two biggest contradictions.
"[5,1,7]",5,1,7,mid-high,low,high,Q↘,M-low,D⇈,MH-L-H | Q5-M1-D7,"Advanced craft, Insular market fit, High strategic tension.",do 3 quick customer interviews; resolve two biggest contradictions.
"[5,1,8]",5,1,8,mid-high,low,high,Q↘,M-low,D⇈,MH-L-H | Q5-M1-D8,"Advanced craft, Insular market fit, High strategic tension.",do 3 quick customer interviews; resolve two biggest contradictions.
"[5,2,1]",5,2,1,mid-high,low,low,Q↘,M-low,D-low,MH-L-L | Q5-M2-D1,"Advanced craft, Insular market fit, Low creative tension.",do 3 quick customer interviews; add healthy debate in planning.
"[5,2,2]",5,2,2,mid-high,low,low,Q↘,M-low,D-low,MH-L-L | Q5-M2-D2,"Advanced craft, Insular market fit, Low creative tension.",do 3 quick customer interviews; add healthy debate in planning.
"[5,2,3]",5,2,3,mid-high,low,mid-low,Q↘,M-low,D↗,MH-L-ML | Q5-M2-D3,"Advanced craft, Insular market fit, Focused tension.",do 3 quick customer interviews; protect focus; avoid scope creep.
"[5,2,4]",5,2,4,mid-high,low,balanced,Q↘,M-low,D= ,MH-L-C | Q5-M2-D4,"Advanced craft, Insular market fit, Balanced tension.",do 3 quick customer interviews; protect focus; avoid scope creep.
"[5,2,5]",5,2,5,mid-high,low,mid-high,Q↘,M-low,D↘,MH-L-MH | Q5-M2-D5,"Advanced craft, Insular market fit, High strategic tension.",do 3 quick customer interviews; resolve two biggest contradictions.
"[5,2,6]",5,2,6,mid-high,low,high,Q↘,M-low,D⇈,MH-L-H | Q5-M2-D6,"Advanced craft, Insular market fit, High strategic tension.",do 3 quick customer interviews; resolve two biggest contradictions.
"[5,2,7]",5,2,7,mid-high,low,high,Q↘,M-low,D⇈,MH-L-H | Q5-M2-D7,"Advanced craft, Insular market fit, High strategic tension.",do 3 quick customer interviews; resolve two biggest contradictions.
"[5,2,8]",5,2,8,mid-high,low,high,Q↘,M-low,D⇈,MH-L-H | Q5-M2-D8,"Advanced craft, Insular market fit, High strategic tension.",do 3 quick customer interviews; resolve two biggest contradictions.
"[5,3,1]",5,3,1,mid-high,mid-low,low,Q↘,M↗,D-low,MH-ML-L | Q5-M3-D1,"Advanced craft, Emerging market pull, Low creative tension.",add healthy debate in planning.
"[5,3,2]",5,3,2,mid-high,mid-low,low,Q↘,M↗,D-low,MH-ML-L | Q5-M3-D2,"Advanced craft, Emerging market pull, Low creative tension.",add healthy debate in planning.
"[5,3,3]",5,3,3,mid-high,mid-low,mid-low,Q↘,M↗,D↗,MH-ML-ML | Q5-M3-D3,"Advanced craft, Emerging market pull, Focused tension.",protect focus; avoid scope creep.
"[5,3,4]",5,3,4,mid-high,mid-low,balanced,Q↘,M↗,D= ,MH-ML-C | Q5-M3-D4,"Advanced craft, Emerging market pull, Balanced tension.",protect focus; avoid scope creep.
"[5,3,5]",5,3,5,mid-high,mid-low,mid-high,Q↘,M↗,D↘,MH-ML-MH | Q5-M3-D5,"Advanced craft, Emerging market pull, High strategic tension.",resolve two biggest contradictions.
"[5,3,6]",5,3,6,mid-high,mid-low,high,Q↘,M↗,D⇈,MH-ML-H | Q5-M3-D6,"Advanced craft, Emerging market pull, High strategic tension.",resolve two biggest contradictions.
"[5,3,7]",5,3,7,mid-high,mid-low,high,Q↘,M↗,D⇈,MH-ML-H | Q5-M3-D7,"Advanced craft, Emerging market pull, High strategic tension.",resolve two biggest contradictions.
"[5,3,8]",5,3,8,mid-high,mid-low,high,Q↘,M↗,D⇈,MH-ML-H | Q5-M3-D8,"Advanced craft, Emerging market pull, High strategic tension.",resolve two biggest contradictions.
"[5,4,1]",5,4,1,mid-high,balanced,low,Q↘,M= ,D-low,MH-C-L | Q5-M4-D1,"Advanced craft, Solid market fit, Low creative tension.",add healthy debate in planning.
"[5,4,2]",5,4,2,mid-high,balanced,low,Q↘,M= ,D-low,MH-C-L | Q5-M4-D2,"Advanced craft, Solid market fit, Low creative tension.",add healthy debate in planning.
"[5,4,3]",5,4,3,mid-high,balanced,mid-low,Q↘,M= ,D↗,MH-C-ML | Q5-M4-D3,"Advanced craft, Solid market fit, Focused tension.",protect focus; avoid scope creep.
"[5,4,4]",5,4,4,mid-high,balanced,balanced,Q↘,M= ,D= ,MH-C-C | Q5-M4-D4,"Advanced craft, Solid market fit, Balanced tension.",protect focus; avoid scope creep.
"[5,4,5]",5,4,5,mid-high,balanced,mid-high,Q↘,M= ,D↘,MH-C-MH | Q5-M4-D5,"Advanced craft, Solid market fit, High strategic tension.",resolve two biggest contradictions.
"[5,4,6]",5,4,6,mid-high,balanced,high,Q↘,M= ,D⇈,MH-C-H | Q5-M4-D6,"Advanced craft, Solid market fit, High strategic tension.",resolve two biggest contradictions.
"[5,4,7]",5,4,7,mid-high,balanced,high,Q↘,M= ,D⇈,MH-C-H | Q5-M4-D7,"Advanced craft, Solid market fit, High strategic tension.",resolve two biggest contradictions.
"[5,4,8]",5,4,8,mid-high,balanced,high,Q↘,M= ,D⇈,MH-C-H | Q5-M4-D8,"Advanced craft, Solid market fit, High strategic tension.",resolve two biggest contradictions.
"[5,5,1]",5,5,1,mid-high,mid-high,low,Q↘,M↘,D-low,MH-MH-L | Q5-M5-D1,"Advanced craft, Strong market pull, Low creative tension.",add healthy debate in planning.
"[5,5,2]",5,5,2,mid-high,mid-high,low,Q↘,M↘,D-low,MH-MH-L | Q5-M5-D2,"Advanced craft, Strong market pull, Low creative tension.",add healthy debate in planning.
"[5,5,3]",5,5,3,mid-high,mid-high,mid-low,Q↘,M↘,D↗,MH-MH-ML | Q5-M5-D3,"Advanced craft, Strong market pull, Focused tension.",protect focus; avoid scope creep.
"[5,5,4]",5,5,4,mid-high,mid-high,balanced,Q↘,M↘,D= ,MH-MH-C | Q5-M5-D4,"Advanced craft, Strong market pull, Balanced tension.",protect focus; avoid scope creep.
"[5,5,5]",5,5,5,mid-high,mid-high,mid-high,Q↘,M↘,D↘,MH-MH-MH | Q5-M5-D5,"Advanced craft, Strong market pull, High strategic tension.",resolve two biggest contradictions.
"[5,5,6]",5,5,6,mid-high,mid-high,high,Q↘,M↘,D⇈,MH-MH-H | Q5-M5-D6,"Advanced craft, Strong market pull, High strategic tension.",resolve two biggest contradictions.
"[5,5,7]",5,5,7,mid-high,mid-high,high,Q↘,M↘,D⇈,MH-MH-H | Q5-M5-D7,"Advanced craft, Strong market pull, High strategic tension.",resolve two biggest contradictions.
"[5,5,8]",5,5,8,mid-high,mid-high,high,Q↘,M↘,D⇈,MH-MH-H | Q5-M5-D8,"Advanced craft, Strong market pull, High strategic tension.",resolve two biggest contradictions.
"[5,6,1]",5,6,1,mid-high,high,low,Q↘,M⇈,D-low,MH-H-L | Q5-M6-D1,"Advanced craft, Strong market pull, Low creative tension.",add healthy debate in planning.
"[5,6,2]",5,6,2,mid-high,high,low,Q↘,M⇈,D-low,MH-H-L | Q5-M6-D2,"Advanced craft, Strong market pull, Low creative tension.",add healthy debate in planning.
"[5,6,3]",5,6,3,mid-high,high,mid-low,Q↘,M⇈,D↗,MH-H-ML | Q5-M6-D3,"Advanced craft, Strong market pull, Focused tension.",protect focus; avoid scope creep.
"[5,6,4]",5,6,4,mid-high,high,balanced,Q↘,M⇈,D= ,MH-H-C | Q5-M6-D4,"Advanced craft, Strong market pull, Balanced tension.",protect focus; avoid scope creep.
"[5,6,5]",5,6,5,mid-high,high,mid-high,Q↘,M⇈,D↘,MH-H-MH | Q5-M6-D5,"Advanced craft, Strong market pull, High strategic tension.",resolve two biggest contradictions.
"[5,6,6]",5,6,6,mid-high,high,high,Q↘,M⇈,D⇈,MH-H-H | Q5-M6-D6,"Advanced craft, Strong market pull, High strategic tension.",resolve two biggest contradictions.
"[5,6,7]",5,6,7,mid-high,high,high,Q↘,M⇈,D⇈,MH-H-H | Q5-M6-D7,"Advanced craft, Strong market pull, High strategic tension.",resolve two biggest contradictions.
"[5,6,8]",5,6,8,mid-high,high,high,Q↘,M⇈,D⇈,MH-H-H | Q5-M6-D8,"Advanced craft, Strong market pull, High strategic tension.",resolve two biggest contradictions.
"[5,7,1]",5,7,1,mid-high,high,low,Q↘,M⇈,D-low,MH-H-L | Q5-M7-D1,"Advanced craft, Strong market pull, Low creative tension.",add healthy debate in planning.
"[5,7,2]",5,7,2,mid-high,high,low,Q↘,M⇈,D-low,MH-H-L | Q5-M7-D2,"Advanced craft, Strong market pull, Low creative tension.",add healthy debate in planning.
"[5,7,3]",5,7,3,mid-high,high,mid-low,Q↘,M⇈,D↗,MH-H-ML | Q5-M7-D3,"Advanced craft, Strong market pull, Focused tension.",protect focus; avoid scope creep.
"[5,7,4]",5,7,4,mid-high,high,balanced,Q↘,M⇈,D= ,MH-H-C | Q5-M7-D4,"Advanced craft, Strong market pull, Balanced tension.",protect focus; avoid scope creep.
"[5,7,5]",5,7,5,mid-high,high,mid-high,Q↘,M⇈,D↘,MH-H-MH | Q5-M7-D5,"Advanced craft, Strong market pull, High strategic tension.",resolve two biggest contradictions.
"[5,7,6]",5,7,6,mid-high,high,high,Q↘,M⇈,D⇈,MH-H-H | Q5-M7-D6,"Advanced craft, Strong market pull, High strategic tension.",resolve two biggest contradictions.
"[5,7,7]",5,7,7,mid-high,high,high,Q↘,M⇈,D⇈,MH-H-H | Q5-M7-D7,"Advanced craft, Strong market pull, High strategic tension.",resolve two biggest contradictions.
"[5,7,8]",5,7,8,mid-high,high,high,Q↘,M⇈,D⇈,MH-H-H | Q5-M7-D8,"Advanced craft, Strong market pull, High strategic tension.",resolve two biggest contradictions.
"[5,8,1]",5,8,1,mid-high,high,low,Q↘,M⇈,D-low,MH-H-L | Q5-M8-D1,"Advanced craft, Strong market pull, Low creative tension.",add healthy debate in planning.
"[5,8,2]",5,8,2,mid-high,high,low,Q↘,M⇈,D-low,MH-H-L | Q5-M8-D2,"Advanced craft, Strong market pull, Low creative tension.",add healthy debate in planning.
"[5,8,3]",5,8,3,mid-high,high,mid-low,Q↘,M⇈,D↗,MH-H-ML | Q5-M8-D3,"Advanced craft, Strong market pull, Focused tension.",protect focus; avoid scope creep.
"[5,8,4]",5,8,4,mid-high,high,balanced,Q↘,M⇈,D= ,MH-H-C | Q5-M8-D4,"Advanced craft, Strong market pull, Balanced tension.",protect focus; avoid scope creep.
"[5,8,5]",5,8,5,mid-high,high,mid-high,Q↘,M⇈,D↘,MH-H-MH | Q5-M8-D5,"Advanced craft, Strong market pull, High strategic tension.",resolve two biggest contradictions.
"[5,8,6]",5,8,6,mid-high,high,high,Q↘,M⇈,D⇈,MH-H-H | Q5-M8-D6,"Advanced craft, Strong market pull, High strategic tension.",resolve two biggest contradictions.
"[5,8,7]",5,8,7,mid-high,high,high,Q↘,M⇈,D⇈,MH-H-H | Q5-M8-D7,"Advanced craft, Strong market pull, High strategic tension.",resolve two biggest contradictions.
"[5,8,8]",5,8,8,mid-high,high,high,Q↘,M⇈,D⇈,MH-H-H | Q5-M8-D8,"Advanced craft, Strong market pull, High strategic tension.",resolve two biggest contradictions.
"[6,1,1]",6,1,1,high,low,low,Q⇈,M-low,D-low,H-L-L | Q6-M1-D1,"Elite quality, Insular market fit, Low creative tension.",do 3 quick customer interviews; add healthy debate in planning.
"[6,1,2]",6,1,2,high,low,low,Q⇈,M-low,D-low,H-L-L | Q6-M1-D2,"Elite quality, Insular market fit, Low creative tension.",do 3 quick customer interviews; add healthy debate in planning.
"[6,1,3]",6,1,3,high,low,mid-low,Q⇈,M-low,D↗,H-L-ML | Q6-M1-D3,"Elite quality, Insular market fit, Focused tension.",do 3 quick customer interviews; protect focus; avoid scope creep.
"[6,1,4]",6,1,4,high,low,balanced,Q⇈,M-low,D= ,H-L-C | Q6-M1-D4,"Elite quality, Insular market fit, Balanced tension.",do 3 quick customer interviews; protect focus; avoid scope creep.
"[6,1,5]",6,1,5,high,low,mid-high,Q⇈,M-low,D↘,H-L-MH | Q6-M1-D5,"Elite quality, Insular market fit, High strategic tension.",do 3 quick customer interviews; resolve two biggest contradictions.
"[6,1,6]",6,1,6,high,low,high,Q⇈,M-low,D⇈,H-L-H | Q6-M1-D6,"Elite quality, Insular market fit, High strategic tension.",do 3 quick customer interviews; resolve two biggest contradictions.
"[6,1,7]",6,1,7,high,low,high,Q⇈,M-low,D⇈,H-L-H | Q6-M1-D7,"Elite quality, Insular market fit, High strategic tension.",do 3 quick customer interviews; resolve two biggest contradictions.
"[6,1,8]",6,1,8,high,low,high,Q⇈,M-low,D⇈,H-L-H | Q6-M1-D8,"Elite quality, Insular market fit, High strategic tension.",do 3 quick customer interviews; resolve two biggest contradictions.
"[6,2,1]",6,2,1,high,low,low,Q⇈,M-low,D-low,H-L-L | Q6-M2-D1,"Elite quality, Insular market fit, Low creative tension.",do 3 quick customer interviews; add healthy debate in planning.
"[6,2,2]",6,2,2,high,low,low,Q⇈,M-low,D-low,H-L-L | Q6-M2-D2,"Elite quality, Insular market fit, Low creative tension.",do 3 quick customer interviews; add healthy debate in planning.
"[6,2,3]",6,2,3,high,low,mid-low,Q⇈,M-low,D↗,H-L-ML | Q6-M2-D3,"Elite quality, Insular market fit, Focused tension.",do 3 quick customer interviews; protect focus; avoid scope creep.
"[6,2,4]",6,2,4,high,low,balanced,Q⇈,M-low,D= ,H-L-C | Q6-M2-D4,"Elite quality, Insular market fit, Balanced tension.",do 3 quick customer interviews; protect focus; avoid scope creep.
"[6,2,5]",6,2,5,high,low,mid-high,Q⇈,M-low,D↘,H-L-MH | Q6-M2-D5,"Elite quality, Insular market fit, High strategic tension.",do 3 quick customer interviews; resolve two biggest contradictions.
"[6,2,6]",6,2,6,high,low,high,Q⇈,M-low,D⇈,H-L-H | Q6-M2-D6,"Elite quality, Insular market fit, High strategic tension.",do 3 quick customer interviews; resolve two biggest contradictions.
"[6,2,7]",6,2,7,high,low,high,Q⇈,M-low,D⇈,H-L-H | Q6-M2-D7,"Elite quality, Insular market fit, High strategic tension.",do 3 quick customer interviews; resolve two biggest contradictions.
"[6,2,8]",6,2,8,high,low,high,Q⇈,M-low,D⇈,H-L-H | Q6-M2-D8,"Elite quality, Insular market fit, High strategic tension.",do 3 quick customer interviews; resolve two biggest contradictions.
"[6,3,1]",6,3,1,high,mid-low,low,Q⇈,M↗,D-low,H-ML-L | Q6-M3-D1,"Elite quality, Emerging market pull, Low creative tension.",add healthy debate in planning.
"[6,3,2]",6,3,2,high,mid-low,low,Q⇈,M↗,D-low,H-ML-L | Q6-M3-D2,"Elite quality, Emerging market pull, Low creative tension.",add healthy debate in planning.
"[6,3,3]",6,3,3,high,mid-low,mid-low,Q⇈,M↗,D↗,H-ML-ML | Q6-M3-D3,"Elite quality, Emerging market pull, Focused tension.",protect focus; avoid scope creep.
"[6,3,4]",6,3,4,high,mid-low,balanced,Q⇈,M↗,D= ,H-ML-C | Q6-M3-D4,"Elite quality, Emerging market pull, Balanced tension.",protect focus; avoid scope creep.
"[6,3,5]",6,3,5,high,mid-low,mid-high,Q⇈,M↗,D↘,H-ML-MH | Q6-M3-D5,"Elite quality, Emerging market pull, High strategic tension.",resolve two biggest contradictions.
"[6,3,6]",6,3,6,high,mid-low,high,Q⇈,M↗,D⇈,H-ML-H | Q6-M3-D6,"Elite quality, Emerging market pull, High strategic tension.",resolve two biggest contradictions.
"[6,3,7]",6,3,7,high,mid-low,high,Q⇈,M↗,D⇈,H-ML-H | Q6-M3-D7,"Elite quality, Emerging market pull, High strategic tension.",resolve two biggest contradictions.
"[6,3,8]",6,3,8,high,mid-low,high,Q⇈,M↗,D⇈,H-ML-H | Q6-M3-D8,"Elite quality, Emerging market pull, High strategic tension.",resolve two biggest contradictions.
"[6,4,1]",6,4,1,high,balanced,low,Q⇈,M= ,D-low,H-C-L | Q6-M4-D1,"Elite quality, Solid market fit, Low creative tension.",add healthy debate in planning.
"[6,4,2]",6,4,2,high,balanced,low,Q⇈,M= ,D-low,H-C-L | Q6-M4-D2,"Elite quality, Solid market fit, Low creative tension.",add healthy debate in planning.
"[6,4,3]",6,4,3,high,balanced,mid-low,Q⇈,M= ,D↗,H-C-ML | Q6-M4-D3,"Elite quality, Solid market fit, Focused tension.",protect focus; avoid scope creep.
"[6,4,4]",6,4,4,high,balanced,balanced,Q⇈,M= ,D= ,H-C-C | Q6-M4-D4,"Elite quality, Solid market fit, Balanced tension.",protect focus; avoid scope creep.
"[6,4,5]",6,4,5,high,balanced,mid-high,Q⇈,M= ,D↘,H-C-MH | Q6-M4-D5,"Elite quality, Solid market fit, High strategic tension.",resolve two biggest contradictions.
"[6,4,6]",6,4,6,high,balanced,high,Q⇈,M= ,D⇈,H-C-H | Q6-M4-D6,"Elite quality, Solid market fit, High strategic tension.",resolve two biggest contradictions.
"[6,4,7]",6,4,7,high,balanced,high,Q⇈,M= ,D⇈,H-C-H | Q6-M4-D7,"Elite quality, Solid market fit, High strategic tension.",resolve two biggest contradictions.
"[6,4,8]",6,4,8,high,balanced,high,Q⇈,M= ,D⇈,H-C-H | Q6-M4-D8,"Elite quality, Solid market fit, High strategic tension.",resolve two biggest contradictions.
"[6,5,1]",6,5,1,high,mid-high,low,Q⇈,M↘,D-low,H-MH-L | Q6-M5-D1,"Elite quality, Strong market pull, Low creative tension.",add healthy debate in planning.
"[6,5,2]",6,5,2,high,mid-high,low,Q⇈,M↘,D-low,H-MH-L | Q6-M5-D2,"Elite quality, Strong market pull, Low creative tension.",add healthy debate in planning.
"[6,5,3]",6,5,3,high,mid-high,mid-low,Q⇈,M↘,D↗,H-MH-ML | Q6-M5-D3,"Elite quality, Strong market pull, Focused tension.",protect focus; avoid scope creep.
"[6,5,4]",6,5,4,high,mid-high,balanced,Q⇈,M↘,D= ,H-MH-C | Q6-M5-D4,"Elite quality, Strong market pull, Balanced tension.",protect focus; avoid scope creep.
"[6,5,5]",6,5,5,high,mid-high,mid-high,Q⇈,M↘,D↘,H-MH-MH | Q6-M5-D5,"Elite quality, Strong market pull, High strategic tension.",resolve two biggest contradictions.
"[6,5,6]",6,5,6,high,mid-high,high,Q⇈,M↘,D⇈,H-MH-H | Q6-M5-D6,"Elite quality, Strong market pull, High strategic tension.",resolve two biggest contradictions.
"[6,5,7]",6,5,7,high,mid-high,high,Q⇈,M↘,D⇈,H-MH-H | Q6-M5-D7,"Elite quality, Strong market pull, High strategic tension.",resolve two biggest contradictions.
"[6,5,8]",6,5,8,high,mid-high,high,Q⇈,M↘,D⇈,H-MH-H | Q6-M5-D8,"Elite quality, Strong market pull, High strategic tension.",resolve two biggest contradictions.
"[6,6,1]",6,6,1,high,high,low,Q⇈,M⇈,D-low,H-H-L | Q6-M6-D1,"Elite quality, Strong market pull, Low creative tension.",add healthy debate in planning.
"[6,6,2]",6,6,2,high,high,low,Q⇈,M⇈,D-low,H-H-L | Q6-M6-D2,"Elite quality, Strong market pull, Low creative tension.",add healthy debate in planning.
"[6,6,3]",6,6,3,high,high,mid-low,Q⇈,M⇈,D↗,H-H-ML | Q6-M6-D3,"Elite quality, Strong market pull, Focused tension.",protect focus; avoid scope creep.
"[6,6,4]",6,6,4,high,high,balanced,Q⇈,M⇈,D= ,H-H-C | Q6-M6-D4,"Elite quality, Strong market pull, Balanced tension.",protect focus; avoid scope creep.
"[6,6,5]",6,6,5,high,high,mid-high,Q⇈,M⇈,D↘,H-H-MH | Q6-M6-D5,"Elite quality, Strong market pull, High strategic tension.",resolve two biggest contradictions.
"[6,6,6]",6,6,6,high,high,high,Q⇈,M⇈,D⇈,H-H-H | Q6-M6-D6,"Elite quality, Strong market pull, High strategic tension.",resolve two biggest contradictions.
"[6,6,7]",6,6,7,high,high,high,Q⇈,M⇈,D⇈,H-H-H | Q6-M6-D7,"Elite quality, Strong market pull, High strategic tension.",resolve two biggest contradictions.
"[6,6,8]",6,6,8,high,high,high,Q⇈,M⇈,D⇈,H-H-H | Q6-M6-D8,"Elite quality, Strong market pull, High strategic tension.",resolve two biggest contradictions.
"[6,7,1]",6,7,1,high,high,low,Q⇈,M⇈,D-low,H-H-L | Q6-M7-D1,"Elite quality, Strong market pull, Low creative tension.",add healthy debate in planning.
"[6,7,2]",6,7,2,high,high,low,Q⇈,M⇈,D-low,H-H-L | Q6-M7-D2,"Elite quality, Strong market pull, Low creative tension.",add healthy debate in planning.
"[6,7,3]",6,7,3,high,high,mid-low,Q⇈,M⇈,D↗,H-H-ML | Q6-M7-D3,"Elite quality, Strong market pull, Focused tension.",protect focus; avoid scope creep.
"[6,7,4]",6,7,4,high,high,balanced,Q⇈,M⇈,D= ,H-H-C | Q6-M7-D4,"Elite quality, Strong market pull, Balanced tension.",protect focus; avoid scope creep.
"[6,7,5]",6,7,5,high,high,mid-high,Q⇈,M⇈,D↘,H-H-MH | Q6-M7-D5,"Elite quality, Strong market pull, High strategic tension.",resolve two biggest contradictions.
"[6,7,6]",6,7,6,high,high,high,Q⇈,M⇈,D⇈,H-H-H | Q6-M7-D6,"Elite quality, Strong market pull, High strategic tension.",resolve two biggest contradictions.
"[6,7,7]",6,7,7,high,high,high,Q⇈,M⇈,D⇈,H-H-H | Q6-M7-D7,"Elite quality, Strong market pull, High strategic tension.",resolve two biggest contradictions.
"[6,7,8]",6,7,8,high,high,high,Q⇈,M⇈,D⇈,H-H-H | Q6-M7-D8,"Elite quality, Strong market pull, High strategic tension.",resolve two biggest contradictions.
"[6,8,1]",6,8,1,high,high,low,Q⇈,M⇈,D-low,H-H-L | Q6-M8-D1,"Elite quality, Strong market pull, Low creative tension.",add healthy debate in planning.
"[6,8,2]",6,8,2,high,high,low,Q⇈,M⇈,D-low,H-H-L | Q6-M8-D2,"Elite quality, Strong market pull, Low creative tension.",add healthy debate in planning.
"[6,8,3]",6,8,3,high,high,mid-low,Q⇈,M⇈,D↗,H-H-ML | Q6-M8-D3,"Elite quality, Strong market pull, Focused tension.",protect focus; avoid scope creep.
"[6,8,4]",6,8,4,high,high,balanced,Q⇈,M⇈,D= ,H-H-C | Q6-M8-D4,"Elite quality, Strong market pull, Balanced tension.",protect focus; avoid scope creep.
"[6,8,5]",6,8,5,high,high,mid-high,Q⇈,M⇈,D↘,H-H-MH | Q6-M8-D5,"Elite quality, Strong market pull, High strategic tension.",resolve two biggest contradictions.
"[6,8,6]",6,8,6,high,high,high,Q⇈,M⇈,D⇈,H-H-H | Q6-M8-D6,"Elite quality, Strong market pull, High strategic tension.",resolve two biggest contradictions.
"[6,8,7]",6,8,7,high,high,high,Q⇈,M⇈,D⇈,H-H-H | Q6-M8-D7,"Elite quality, Strong market pull, High strategic tension.",resolve two biggest contradictions.
"[6,8,8]",6,8,8,high,high,high,Q⇈,M⇈,D⇈,H-H-H | Q6-M8-D8,"Elite quality, Strong market pull, High strategic tension.",resolve two biggest contradictions.
"[7,1,1]",7,1,1,high,low,low,Q⇈,M-low,D-low,H-L-L | Q7-M1-D1,"Elite quality, Insular market fit, Low creative tension.",do 3 quick customer interviews; add healthy debate in planning.
"[7,1,2]",7,1,2,high,low,low,Q⇈,M-low,D-low,H-L-L | Q7-M1-D2,"Elite quality, Insular market fit, Low creative tension.",do 3 quick customer interviews; add healthy debate in planning.
"[7,1,3]",7,1,3,high,low,mid-low,Q⇈,M-low,D↗,H-L-ML | Q7-M1-D3,"Elite quality, Insular market fit, Focused tension.",do 3 quick customer interviews; protect focus; avoid scope creep.
"[7,1,4]",7,1,4,high,low,balanced,Q⇈,M-low,D= ,H-L-C | Q7-M1-D4,"Elite quality, Insular market fit, Balanced tension.",do 3 quick customer interviews; protect focus; avoid scope creep.
"[7,1,5]",7,1,5,high,low,mid-high,Q⇈,M-low,D↘,H-L-MH | Q7-M1-D5,"Elite quality, Insular market fit, High strategic tension.",do 3 quick customer interviews; resolve two biggest contradictions.
"[7,1,6]",7,1,6,high,low,high,Q⇈,M-low,D⇈,H-L-H | Q7-M1-D6,"Elite quality, Insular market fit, High strategic tension.",do 3 quick customer interviews; resolve two biggest contradictions.
"[7,1,7]",7,1,7,high,low,high,Q⇈,M-low,D⇈,H-L-H | Q7-M1-D7,"Elite quality, Insular market fit, High strategic tension.",do 3 quick customer interviews; resolve two biggest contradictions.
"[7,1,8]",7,1,8,high,low,high,Q⇈,M-low,D⇈,H-L-H | Q7-M1-D8,"Elite quality, Insular market fit, High strategic tension.",do 3 quick customer interviews; resolve two biggest contradictions.
"[7,2,1]",7,2,1,high,low,low,Q⇈,M-low,D-low,H-L-L | Q7-M2-D1,"Elite quality, Insular market fit, Low creative tension.",do 3 quick customer interviews; add healthy debate in planning.
"[7,2,2]",7,2,2,high,low,low,Q⇈,M-low,D-low,H-L-L | Q7-M2-D2,"Elite quality, Insular market fit, Low creative tension.",do 3 quick customer interviews; add healthy debate in planning.
"[7,2,3]",7,2,3,high,low,mid-low,Q⇈,M-low,D↗,H-L-ML | Q7-M2-D3,"Elite quality, Insular market fit, Focused tension.",do 3 quick customer interviews; protect focus; avoid scope creep.
"[7,2,4]",7,2,4,high,low,balanced,Q⇈,M-low,D= ,H-L-C | Q7-M2-D4,"Elite quality, Insular market fit, Balanced tension.",do 3 quick customer interviews; protect focus; avoid scope creep.
"[7,2,5]",7,2,5,high,low,mid-high,Q⇈,M-low,D↘,H-L-MH | Q7-M2-D5,"Elite quality, Insular market fit, High strategic tension.",do 3 quick customer interviews; resolve two biggest contradictions.
"[7,2,6]",7,2,6,high,low,high,Q⇈,M-low,D⇈,H-L-H | Q7-M2-D6,"Elite quality, Insular market fit, High strategic tension.",do 3 quick customer interviews; resolve two biggest contradictions.
"[7,2,7]",7,2,7,high,low,high,Q⇈,M-low,D⇈,H-L-H | Q7-M2-D7,"Elite quality, Insular market fit, High strategic tension.",do 3 quick customer interviews; resolve two biggest contradictions.
"[7,2,8]",7,2,8,high,low,high,Q⇈,M-low,D⇈,H-L-H | Q7-M2-D8,"Elite quality, Insular market fit, High strategic tension.",do 3 quick customer interviews; resolve two biggest contradictions.
"[7,3,1]",7,3,1,high,mid-low,low,Q⇈,M↗,D-low,H-ML-L | Q7-M3-D1,"Elite quality, Emerging market pull, Low creative tension.",add healthy debate in planning.
"[7,3,2]",7,3,2,high,mid-low,low,Q⇈,M↗,D-low,H-ML-L | Q7-M3-D2,"Elite quality, Emerging market pull, Low creative tension.",add healthy debate in planning.
"[7,3,3]",7,3,3,high,mid-low,mid-low,Q⇈,M↗,D↗,H-ML-ML | Q7-M3-D3,"Elite quality, Emerging market pull, Focused tension.",protect focus; avoid scope creep.
"[7,3,4]",7,3,4,high,mid-low,balanced,Q⇈,M↗,D= ,H-ML-C | Q7-M3-D4,"Elite quality, Emerging market pull, Balanced tension.",protect focus; avoid scope creep.
"[7,3,5]",7,3,5,high,mid-low,mid-high,Q⇈,M↗,D↘,H-ML-MH | Q7-M3-D5,"Elite quality, Emerging market pull, High strategic tension.",resolve two biggest contradictions.
"[7,3,6]",7,3,6,high,mid-low,high,Q⇈,M↗,D⇈,H-ML-H | Q7-M3-D6,"Elite quality, Emerging market pull, High strategic tension.",resolve two biggest contradictions.
"[7,3,7]",7,3,7,high,mid-low,high,Q⇈,M↗,D⇈,H-ML-H | Q7-M3-D7,"Elite quality, Emerging market pull, High strategic tension.",resolve two biggest contradictions.
"[7,3,8]",7,3,8,high,mid-low,high,Q⇈,M↗,D⇈,H-ML-H | Q7-M3-D8,"Elite quality, Emerging market pull, High strategic tension.",resolve two biggest contradictions.
"[7,4,1]",7,4,1,high,balanced,low,Q⇈,M= ,D-low,H-C-L | Q7-M4-D1,"Elite quality, Solid market fit, Low creative tension.",add healthy debate in planning.
"[7,4,2]",7,4,2,high,balanced,low,Q⇈,M= ,D-low,H-C-L | Q7-M4-D2,"Elite quality, Solid market fit, Low creative tension.",add healthy debate in planning.
"[7,4,3]",7,4,3,high,balanced,mid-low,Q⇈,M= ,D↗,H-C-ML | Q7-M4-D3,"Elite quality, Solid market fit, Focused tension.",protect focus; avoid scope creep.
"[7,4,4]",7,4,4,high,balanced,balanced,Q⇈,M= ,D= ,H-C-C | Q7-M4-D4,"Elite quality, Solid market fit, Balanced tension.",protect focus; avoid scope creep.
"[7,4,5]",7,4,5,high,balanced,mid-high,Q⇈,M= ,D↘,H-C-MH | Q7-M4-D5,"Elite quality, Solid market fit, High strategic tension.",resolve two biggest contradictions.
"[7,4,6]",7,4,6,high,balanced,high,Q⇈,M= ,D⇈,H-C-H | Q7-M4-D6,"Elite quality, Solid market fit, High strategic tension.",resolve two biggest contradictions.
"[7,4,7]",7,4,7,high,balanced,high,Q⇈,M= ,D⇈,H-C-H | Q7-M4-D7,"Elite quality, Solid market fit, High strategic tension.",resolve two biggest contradictions.
"[7,4,8]",7,4,8,high,balanced,high,Q⇈,M= ,D⇈,H-C-H | Q7-M4-D8,"Elite quality, Solid market fit, High strategic tension.",resolve two biggest contradictions.
"[7,5,1]",7,5,1,high,mid-high,low,Q⇈,M↘,D-low,H-MH-L | Q7-M5-D1,"Elite quality, Strong market pull, Low creative tension.",add healthy debate in planning.
"[7,5,2]",7,5,2,high,mid-high,low,Q⇈,M↘,D-low,H-MH-L | Q7-M5-D2,"Elite quality, Strong market pull, Low creative tension.",add healthy debate in planning.
"[7,5,3]",7,5,3,high,mid-high,mid-low,Q⇈,M↘,D↗,H-MH-ML | Q7-M5-D3,"Elite quality, Strong market pull, Focused tension.",protect focus; avoid scope creep.
"[7,5,4]",7,5,4,high,mid-high,balanced,Q⇈,M↘,D= ,H-MH-C | Q7-M5-D4,"Elite quality, Strong market pull, Balanced tension.",protect focus; avoid scope creep.
"[7,5,5]",7,5,5,high,mid-high,mid-high,Q⇈,M↘,D↘,H-MH-MH | Q7-M5-D5,"Elite quality, Strong market pull, High strategic tension.",resolve two biggest contradictions.
"[7,5,6]",7,5,6,high,mid-high,high,Q⇈,M↘,D⇈,H-MH-H | Q7-M5-D6,"Elite quality, Strong market pull, High strategic tension.",resolve two biggest contradictions.
"[7,5,7]",7,5,7,high,mid-high,high,Q⇈,M↘,D⇈,H-MH-H | Q7-M5-D7,"Elite quality, Strong market pull, High strategic tension.",resolve two biggest contradictions.
"[7,5,8]",7,5,8,high,mid-high,high,Q⇈,M↘,D⇈,H-MH-H | Q7-M5-D8,"Elite quality, Strong market pull, High strategic tension.",resolve two biggest contradictions.
"[7,6,1]",7,6,1,high,high,low,Q⇈,M⇈,D-low,H-H-L | Q7-M6-D1,"Elite quality, Strong market pull, Low creative tension.",add healthy debate in planning.
"[7,6,2]",7,6,2,high,high,low,Q⇈,M⇈,D-low,H-H-L | Q7-M6-D2,"Elite quality, Strong market pull, Low creative tension.",add healthy debate in planning.
"[7,6,3]",7,6,3,high,high,mid-low,Q⇈,M⇈,D↗,H-H-ML | Q7-M6-D3,"Elite quality, Strong market pull, Focused tension.",protect focus; avoid scope creep.
"[7,6,4]",7,6,4,high,high,balanced,Q⇈,M⇈,D= ,H-H-C | Q7-M6-D4,"Elite quality, Strong market pull, Balanced tension.",protect focus; avoid scope creep.
"[7,6,5]",7,6,5,high,high,mid-high,Q⇈,M⇈,D↘,H-H-MH | Q7-M6-D5,"Elite quality, Strong market pull, High strategic tension.",resolve two biggest contradictions.
"[7,6,6]",7,6,6,high,high,high,Q⇈,M⇈,D⇈,H-H-H | Q7-M6-D6,"Elite quality, Strong market pull, High strategic tension.",resolve two biggest contradictions.
"[7,6,7]",7,6,7,high,high,high,Q⇈,M⇈,D⇈,H-H-H | Q7-M6-D7,"Elite quality, Strong market pull, High strategic tension.",resolve two biggest contradictions.
"[7,6,8]",7,6,8,high,high,high,Q⇈,M⇈,D⇈,H-H-H | Q7-M6-D8,"Elite quality, Strong market pull, High strategic tension.",resolve two biggest contradictions.
"[7,7,1]",7,7,1,high,high,low,Q⇈,M⇈,D-low,H-H-L | Q7-M7-D1,"Elite quality, Strong market pull, Low creative tension.",add healthy debate in planning.
"[7,7,2]",7,7,2,high,high,low,Q⇈,M⇈,D-low,H-H-L | Q7-M7-D2,"Elite quality, Strong market pull, Low creative tension.",add healthy debate in planning.
"[7,7,3]",7,7,3,high,high,mid-low,Q⇈,M⇈,D↗,H-H-ML | Q7-M7-D3,"Elite quality, Strong market pull, Focused tension.",protect focus; avoid scope creep.
"[7,7,4]",7,7,4,high,high,balanced,Q⇈,M⇈,D= ,H-H-C | Q7-M7-D4,"Elite quality, Strong market pull, Balanced tension.",protect focus; avoid scope creep.
"[7,7,5]",7,7,5,high,high,mid-high,Q⇈,M⇈,D↘,H-H-MH | Q7-M7-D5,"Elite quality, Strong market pull, High strategic tension.",resolve two biggest contradictions.
"[7,7,6]",7,7,6,high,high,high,Q⇈,M⇈,D⇈,H-H-H | Q7-M7-D6,"Elite quality, Strong market pull, High strategic tension.",resolve two biggest contradictions.
"[7,7,7]",7,7,7,high,high,high,Q⇈,M⇈,D⇈,H-H-H | Q7-M7-D7,"Elite quality, Strong market pull, High strategic tension.",resolve two biggest contradictions.
"[7,7,8]",7,7,8,high,high,high,Q⇈,M⇈,D⇈,H-H-H | Q7-M7-D8,"Elite quality, Strong market pull, High strategic tension.",resolve two biggest contradictions.
"[7,8,1]",7,8,1,high,high,low,Q⇈,M⇈,D-low,H-H-L | Q7-M8-D1,"Elite quality, Strong market pull, Low creative tension.",add healthy debate in planning.
"[7,8,2]",7,8,2,high,high,low,Q⇈,M⇈,D-low,H-H-L | Q7-M8-D2,"Elite quality, Strong market pull, Low creative tension.",add healthy debate in planning.
"[7,8,3]",7,8,3,high,high,mid-low,Q⇈,M⇈,D↗,H-H-ML | Q7-M8-D3,"Elite quality, Strong market pull, Focused tension.",protect focus; avoid scope creep.
"[7,8,4]",7,8,4,high,high,balanced,Q⇈,M⇈,D= ,H-H-C | Q7-M8-D4,"Elite quality, Strong market pull, Balanced tension.",protect focus; avoid scope creep.
"[7,8,5]",7,8,5,high,high,mid-high,Q⇈,M⇈,D↘,H-H-MH | Q7-M8-D5,"Elite quality, Strong market pull, High strategic tension.",resolve two biggest contradictions.
"[7,8,6]",7,8,6,high,high,high,Q⇈,M⇈,D⇈,H-H-H | Q7-M8-D6,"Elite quality, Strong market pull, High strategic tension.",resolve two biggest contradictions.
"[7,8,7]",7,8,7,high,high,high,Q⇈,M⇈,D⇈,H-H-H | Q7-M8-D7,"Elite quality, Strong market pull, High strategic tension.",resolve two biggest contradictions.
"[7,8,8]",7,8,8,high,high,high,Q⇈,M⇈,D⇈,H-H-H | Q7-M8-D8,"Elite quality, Strong market pull, High strategic tension.",resolve two biggest contradictions.
"[8,1,1]",8,1,1,high,low,low,Q⇈,M-low,D-low,H-L-L | Q8-M1-D1,"Elite quality, Insular market fit, Low creative tension.",do 3 quick customer interviews; add healthy debate in planning.
"[8,1,2]",8,1,2,high,low,low,Q⇈,M-low,D-low,H-L-L | Q8-M1-D2,"Elite quality, Insular market fit, Low creative tension.",do 3 quick customer interviews; add healthy debate in planning.
"[8,1,3]",8,1,3,high,low,mid-low,Q⇈,M-low,D↗,H-L-ML | Q8-M1-D3,"Elite quality, Insular market fit, Focused tension.",do 3 quick customer interviews; protect focus; avoid scope creep.
"[8,1,4]",8,1,4,high,low,balanced,Q⇈,M-low,D= ,H-L-C | Q8-M1-D4,"Elite quality, Insular market fit, Balanced tension.",do 3 quick customer interviews; protect focus; avoid scope creep.
"[8,1,5]",8,1,5,high,low,mid-high,Q⇈,M-low,D↘,H-L-MH | Q8-M1-D5,"Elite quality, Insular market fit, High strategic tension.",do 3 quick customer interviews; resolve two biggest contradictions.
"[8,1,6]",8,1,6,high,low,high,Q⇈,M-low,D⇈,H-L-H | Q8-M1-D6,"Elite quality, Insular market fit, High strategic tension.",do 3 quick customer interviews; resolve two biggest contradictions.
"[8,1,7]",8,1,7,high,low,high,Q⇈,M-low,D⇈,H-L-H | Q8-M1-D7,"Elite quality, Insular market fit, High strategic tension.",do 3 quick customer interviews; resolve two biggest contradictions.
"[8,1,8]",8,1,8,high,low,high,Q⇈,M-low,D⇈,H-L-H | Q8-M1-D8,"Elite quality, Insular market fit, High strategic tension.",do 3 quick customer interviews; resolve two biggest contradictions.
"[8,2,1]",8,2,1,high,low,low,Q⇈,M-low,D-low,H-L-L | Q8-M2-D1,"Elite quality, Insular market fit, Low creative tension.",do 3 quick customer interviews; add healthy debate in planning.
"[8,2,2]",8,2,2,high,low,low,Q⇈,M-low,D-low,H-L-L | Q8-M2-D2,"Elite quality, Insular market fit, Low creative tension.",do 3 quick customer interviews; add healthy debate in planning.
"[8,2,3]",8,2,3,high,low,mid-low,Q⇈,M-low,D↗,H-L-ML | Q8-M2-D3,"Elite quality, Insular market fit, Focused tension.",do 3 quick customer interviews; protect focus; avoid scope creep.
"[8,2,4]",8,2,4,high,low,balanced,Q⇈,M-low,D= ,H-L-C | Q8-M2-D4,"Elite quality, Insular market fit, Balanced tension.",do 3 quick customer interviews; protect focus; avoid scope creep.
"[8,2,5]",8,2,5,high,low,mid-high,Q⇈,M-low,D↘,H-L-MH | Q8-M2-D5,"Elite quality, Insular market fit, High strategic tension.",do 3 quick customer interviews; resolve two biggest contradictions.
"[8,2,6]",8,2,6,high,low,high,Q⇈,M-low,D⇈,H-L-H | Q8-M2-D6,"Elite quality, Insular market fit, High strategic tension.",do 3 quick customer interviews; resolve two biggest contradictions.
"[8,2,7]",8,2,7,high,low,high,Q⇈,M-low,D⇈,H-L-H | Q8-M2-D7,"Elite quality, Insular market fit, High strategic tension.",do 3 quick customer interviews; resolve two biggest contradictions.
"[8,2,8]",8,2,8,high,low,high,Q⇈,M-low,D⇈,H-L-H | Q8-M2-D8,"Elite quality, Insular market fit, High strategic tension.",do 3 quick customer interviews; resolve two biggest contradictions.
"[8,3,1]",8,3,1,high,mid-low,low,Q⇈,M↗,D-low,H-ML-L | Q8-M3-D1,"Elite quality, Emerging market pull, Low creative tension.",add healthy debate in planning.
"[8,3,2]",8,3,2,high,mid-low,low,Q⇈,M↗,D-low,H-ML-L | Q8-M3-D2,"Elite quality, Emerging market pull, Low creative tension.",add healthy debate in planning.
"[8,3,3]",8,3,3,high,mid-low,mid-low,Q⇈,M↗,D↗,H-ML-ML | Q8-M3-D3,"Elite quality, Emerging market pull, Focused tension.",protect focus; avoid scope creep.
"[8,3,4]",8,3,4,high,mid-low,balanced,Q⇈,M↗,D= ,H-ML-C | Q8-M3-D4,"Elite quality, Emerging market pull, Balanced tension.",protect focus; avoid scope creep.
"[8,3,5]",8,3,5,high,mid-low,mid-high,Q⇈,M↗,D↘,H-ML-MH | Q8-M3-D5,"Elite quality, Emerging market pull, High strategic tension.",resolve two biggest contradictions.
"[8,3,6]",8,3,6,high,mid-low,high,Q⇈,M↗,D⇈,H-ML-H | Q8-M3-D6,"Elite quality, Emerging market pull, High strategic tension.",resolve two biggest contradictions.
"[8,3,7]",8,3,7,high,mid-low,high,Q⇈,M↗,D⇈,H-ML-H | Q8-M3-D7,"Elite quality, Emerging market pull, High strategic tension.",resolve two biggest contradictions.
"[8,3,8]",8,3,8,high,mid-low,high,Q⇈,M↗,D⇈,H-ML-H | Q8-M3-D8,"Elite quality, Emerging market pull, High strategic tension.",resolve two biggest contradictions.
"[8,4,1]",8,4,1,high,balanced,low,Q⇈,M= ,D-low,H-C-L | Q8-M4-D1,"Elite quality, Solid market fit, Low creative tension.",add healthy debate in planning.
"[8,4,2]",8,4,2,high,balanced,low,Q⇈,M= ,D-low,H-C-L | Q8-M4-D2,"Elite quality, Solid market fit, Low creative tension.",add healthy debate in planning.
"[8,4,3]",8,4,3,high,balanced,mid-low,Q⇈,M= ,D↗,H-C-ML | Q8-M4-D3,"Elite quality, Solid market fit, Focused tension.",protect focus; avoid scope creep.
"[8,4,4]",8,4,4,high,balanced,balanced,Q⇈,M= ,D= ,H-C-C | Q8-M4-D4,"Elite quality, Solid market fit, Balanced tension.",protect focus; avoid scope creep.
"[8,4,5]",8,4,5,high,balanced,mid-high,Q⇈,M= ,D↘,H-C-MH | Q8-M4-D5,"Elite quality, Solid market fit, High strategic tension.",resolve two biggest contradictions.
"[8,4,6]",8,4,6,high,balanced,high,Q⇈,M= ,D⇈,H-C-H | Q8-M4-D6,"Elite quality, Solid market fit, High strategic tension.",resolve two biggest contradictions.
"[8,4,7]",8,4,7,high,balanced,high,Q⇈,M= ,D⇈,H-C-H | Q8-M4-D7,"Elite quality, Solid market fit, High strategic tension.",resolve two biggest contradictions.
"[8,4,8]",8,4,8,high,balanced,high,Q⇈,M= ,D⇈,H-C-H | Q8-M4-D8,"Elite quality, Solid market fit, High strategic tension.",resolve two biggest contradictions.
"[8,5,1]",8,5,1,high,mid-high,low,Q⇈,M↘,D-low,H-MH-L | Q8-M5-D1,"Elite quality, Strong market pull, Low creative tension.",add healthy debate in planning.
"[8,5,2]",8,5,2,high,mid-high,low,Q⇈,M↘,D-low,H-MH-L | Q8-M5-D2,"Elite quality, Strong market pull, Low creative tension.",add healthy debate in planning.
"[8,5,3]",8,5,3,high,mid-high,mid-low,Q⇈,M↘,D↗,H-MH-ML | Q8-M5-D3,"Elite quality, Strong market pull, Focused tension.",protect focus; avoid scope creep.
"[8,5,4]",8,5,4,high,mid-high,balanced,Q⇈,M↘,D= ,H-MH-C | Q8-M5-D4,"Elite quality, Strong market pull, Balanced tension.",protect focus; avoid scope creep.
"[8,5,5]",8,5,5,high,mid-high,mid-high,Q⇈,M↘,D↘,H-MH-MH | Q8-M5-D5,"Elite quality, Strong market pull, High strategic tension.",resolve two biggest contradictions.
"[8,5,6]",8,5,6,high,mid-high,high,Q⇈,M↘,D⇈,H-MH-H | Q8-M5-D6,"Elite quality, Strong market pull, High strategic tension.",resolve two biggest contradictions.
"[8,5,7]",8,5,7,high,mid-high,high,Q⇈,M↘,D⇈,H-MH-H | Q8-M5-D7,"Elite quality, Strong market pull, High strategic tension.",resolve two biggest contradictions.
"[8,5,8]",8,5,8,high,mid-high,high,Q⇈,M↘,D⇈,H-MH-H | Q8-M5-D8,"Elite quality, Strong market pull, High strategic tension.",resolve two biggest contradictions.
"[8,6,1]",8,6,1,high,high,low,Q⇈,M⇈,D-low,H-H-L | Q8-M6-D1,"Elite quality, Strong market pull, Low creative tension.",add healthy debate in planning.
"[8,6,2]",8,6,2,high,high,low,Q⇈,M⇈,D-low,H-H-L | Q8-M6-D2,"Elite quality, Strong market pull, Low creative tension.",add healthy debate in planning.
"[8,6,3]",8,6,3,high,high,mid-low,Q⇈,M⇈,D↗,H-H-ML | Q8-M6-D3,"Elite quality, Strong market pull, Focused tension.",protect focus; avoid scope creep.
"[8,6,4]",8,6,4,high,high,balanced,Q⇈,M⇈,D= ,H-H-C | Q8-M6-D4,"Elite quality, Strong market pull, Balanced tension.",protect focus; avoid scope creep.
"[8,6,5]",8,6,5,high,high,mid-high,Q⇈,M⇈,D↘,H-H-MH | Q8-M6-D5,"Elite quality, Strong market pull, High strategic tension.",resolve two biggest contradictions.
"[8,6,6]",8,6,6,high,high,high,Q⇈,M⇈,D⇈,H-H-H | Q8-M6-D6,"Elite quality, Strong market pull, High strategic tension.",resolve two biggest contradictions.
"[8,6,7]",8,6,7,high,high,high,Q⇈,M⇈,D⇈,H-H-H | Q8-M6-D7,"Elite quality, Strong market pull, High strategic tension.",resolve two biggest contradictions.
"[8,6,8]",8,6,8,high,high,high,Q⇈,M⇈,D⇈,H-H-H | Q8-M6-D8,"Elite quality, Strong market pull, High strategic tension.",resolve two biggest contradictions.
"[8,7,1]",8,7,1,high,high,low,Q⇈,M⇈,D-low,H-H-L | Q8-M7-D1,"Elite quality, Strong market pull, Low creative tension.",add healthy debate in planning.
"[8,7,2]",8,7,2,high,high,low,Q⇈,M⇈,D-low,H-H-L | Q8-M7-D2,"Elite quality, Strong market pull, Low creative tension.",add healthy debate in planning.
"[8,7,3]",8,7,3,high,high,mid-low,Q⇈,M⇈,D↗,H-H-ML | Q8-M7-D3,"Elite quality, Strong market pull, Focused tension.",protect focus; avoid scope creep.
"[8,7,4]",8,7,4,high,high,balanced,Q⇈,M⇈,D= ,H-H-C | Q8-M7-D4,"Elite quality, Strong market pull, Balanced tension.",protect focus; avoid scope creep.
"[8,7,5]",8,7,5,high,high,mid-high,Q⇈,M⇈,D↘,H-H-MH | Q8-M7-D5,"Elite quality, Strong market pull, High strategic tension.",resolve two biggest contradictions.
"[8,7,6]",8,7,6,high,high,high,Q⇈,M⇈,D⇈,H-H-H | Q8-M7-D6,"Elite quality, Strong market pull, High strategic tension.",resolve two biggest contradictions.
"[8,7,7]",8,7,7,high,high,high,Q⇈,M⇈,D⇈,H-H-H | Q8-M7-D7,"Elite quality, Strong market pull, High strategic tension.",resolve two biggest contradictions.
"[8,7,8]",8,7,8,high,high,high,Q⇈,M⇈,D⇈,H-H-H | Q8-M7-D8,"Elite quality, Strong market pull, High strategic tension.",resolve two biggest contradictions.
"[8,8,1]",8,8,1,high,high,low,Q⇈,M⇈,D-low,H-H-L | Q8-M8-D1,"Elite quality, Strong market pull, Low creative tension.",add healthy debate in planning.
"[8,8,2]",8,8,2,high,high,low,Q⇈,M⇈,D-low,H-H-L | Q8-M8-D2,"Elite quality, Strong market pull, Low creative tension.",add healthy debate in planning.
"[8,8,3]",8,8,3,high,high,mid-low,Q⇈,M⇈,D↗,H-H-ML | Q8-M8-D3,"Elite quality, Strong market pull, Focused tension.",protect focus; avoid scope creep.
"[8,8,4]",8,8,4,high,high,balanced,Q⇈,M⇈,D= ,H-H-C | Q8-M8-D4,"Elite quality, Strong market pull, Balanced tension.",protect focus; avoid scope creep.
"[8,8,5]",8,8,5,high,high,mid-high,Q⇈,M⇈,D↘,H-H-MH | Q8-M8-D5,"Elite quality, Strong market pull, High strategic tension.",resolve two biggest contradictions.
"[8,8,6]",8,8,6,high,high,high,Q⇈,M⇈,D⇈,H-H-H | Q8-M8-D6,"Elite quality, Strong market pull, High strategic tension.",resolve two biggest contradictions.
"[8,8,7]",8,8,7,high,high,high,Q⇈,M⇈,D⇈,H-H-H | Q8-M8-D7,"Elite quality, Strong market pull, High strategic tension.",resolve two biggest contradictions.
"[8,8,8]",8,8,8,high,high,high,Q⇈,M⇈,D⇈,H-H-H | Q8-M8-D8,"Elite quality, Strong market pull, High strategic tension.",resolve two biggest contradictions.
